wifi_spot_id,review_id,user_id,review_comment,review_create_date_time,review_overall_classification
dfa026de-4b33-4a76-95f6-fb09d289c342,2242c8bd-2864-4f50-b261-c9755f28afc3,519f7e20-093f-4cd3-8f7d-864650019f02,Consequatur expedita minima provident.,2025-01-08 17:36:56,5
1bc0bfdf-018a-4461-87b0-2963615ea80a,dde2f14c-0fb5-43ac-a33c-9ae0c9e03be0,519f7e20-093f-4cd3-8f7d-864650019f02,Officia similique incidunt aliquam.,2022-02-15 15:39:50,3
309c4f62-3c84-425c-b4e7-9f1f0c096336,cdb1ba98-3b19-42ab-b3ca-bf68aabd2637,519f7e20-093f-4cd3-8f7d-864650019f02,Quis quod reprehenderit impedit qui molestias.,2024-05-22 16:32:56,5
5b71f721-1acd-4624-b16d-a1b13a5787f5,2aed4f6b-f33d-4249-a342-38911ab8ed66,519f7e20-093f-4cd3-8f7d-864650019f02,Accusantium rem alias eos velit asperiores ut.,2025-01-17 04:55:52,5
647277ca-b001-4530-9c5b-6698aa25ddd5,0b194a37-6be6-4e44-8e09-9a2f843605ca,519f7e20-093f-4cd3-8f7d-864650019f02,Inventore expedita quidem blanditiis ipsa.,2021-05-29 00:52:09,3
127109b0-ded2-4560-b787-aa006296a545,93b13d1c-181f-495e-854f-5204fec2fcc2,519f7e20-093f-4cd3-8f7d-864650019f02,Culpa repellat voluptatum impedit officiis.,2022-07-26 01:10:06,4
e89bb3a1-c81f-4d2e-ac5d-2b0f0cc363c0,c8e4eb7a-d9bd-4b0b-bfdc-8a25befb682f,519f7e20-093f-4cd3-8f7d-864650019f02,Cum nobis consequatur.,2024-11-06 09:01:16,2
90034602-8483-4b03-8784-a0d773138415,ee6cd9ee-fc6b-4e56-8598-1da1fbf69f33,519f7e20-093f-4cd3-8f7d-864650019f02,Omnis error quos nesciunt quam aut.,2022-02-08 15:55:23,1
b685ca14-63af-4d2c-85cb-0f80c3dd8282,fac2da56-2367-443a-af7b-ec3af414cb82,519f7e20-093f-4cd3-8f7d-864650019f02,Laborum maiores eveniet sint ullam omnis quod.,2020-11-23 14:30:48,4
d383e084-c9bd-4d33-aa6b-156167a0281b,6f5b4dbb-0389-4369-b23a-afe6fc07d4b3,519f7e20-093f-4cd3-8f7d-864650019f02,At in ullam labore voluptate accusamus ratione.,2021-11-22 09:17:29,4
90fc1aa1-a7cc-4d10-97f7-788b329f7b3e,f0f6721e-8d26-47f8-b181-2965f915b855,519f7e20-093f-4cd3-8f7d-864650019f02,Laboriosam mollitia excepturi.,2021-02-03 12:29:46,1
be021c49-9236-4094-8ab8-9b9a1690e0ab,6d698fd2-c4dd-424b-a400-d6eec60a4cc9,519f7e20-093f-4cd3-8f7d-864650019f02,Laudantium quis ut sunt non enim.,2020-08-11 12:57:58,1
e45635f6-39de-4923-b2ee-beb9e2f8408d,e638bf37-b840-40a9-915a-45eda52360a2,519f7e20-093f-4cd3-8f7d-864650019f02,Recusandae est similique ad sunt.,2022-03-29 21:53:36,1
4bfe489f-20c8-416b-9bea-e01f6db0d7b8,113e754f-53f5-44c0-ac0e-9776a8b64ef2,519f7e20-093f-4cd3-8f7d-864650019f02,Ullam a laborum nihil ipsam iste consequatur.,2021-02-19 11:56:14,1
3849a96b-cf15-41f0-a050-a2c319a7bcf0,b963d9b2-8a3a-4498-9dbb-d67142de5685,519f7e20-093f-4cd3-8f7d-864650019f02,Officiis cupiditate officiis aperiam.,2021-06-02 01:05:56,4
76dbd96d-45d4-4cef-89fb-85d5ece1ce40,def91626-7da8-42c9-9771-1fb317739076,519f7e20-093f-4cd3-8f7d-864650019f02,Aut eligendi corrupti odit quo aliquid corporis.,2022-03-11 14:14:20,4
f711481c-786f-44c8-b847-02bf1e7146b5,2d3ee9ba-1a9f-4b73-b663-39221d609bce,519f7e20-093f-4cd3-8f7d-864650019f02,Quos inventore unde voluptatem.,2022-09-29 17:02:56,3
727629b0-ce3f-491c-8a8f-1e6f9a34115c,d3d37b60-cba4-4bd8-93aa-9e3f5488c746,519f7e20-093f-4cd3-8f7d-864650019f02,In tempora unde tempore velit culpa.,2023-03-03 18:56:52,2
0ec17469-05a3-4535-8f2f-69280c7c328c,cb6ec56b-37c7-4a12-b252-5216653aca40,519f7e20-093f-4cd3-8f7d-864650019f02,Cumque soluta earum recusandae magni ipsa.,2021-05-19 08:17:28,4
b55da8eb-4f00-4da4-899b-97f799e1ea09,95c3089a-cec9-494b-b762-42e849b62f0b,519f7e20-093f-4cd3-8f7d-864650019f02,Est ipsa eum at.,2021-04-27 03:02:12,1
9f2f14c0-e7d0-46dd-9bdf-b74427c0677f,c320508c-09d8-447f-bec5-be745de21226,519f7e20-093f-4cd3-8f7d-864650019f02,Quod ad doloribus necessitatibus voluptatum.,2023-07-26 11:36:18,4
170bb31c-db0d-4905-81e0-8f09d6ba79ef,81841d49-2dfc-4f92-a49e-03609f3cf922,519f7e20-093f-4cd3-8f7d-864650019f02,Et eveniet doloremque porro nisi.,2023-02-18 01:42:24,1
838a6f28-061a-4fa2-be90-65b466653623,be26fd61-960a-4963-9203-4a8269b07138,519f7e20-093f-4cd3-8f7d-864650019f02,Provident vel accusamus velit.,2023-09-13 13:46:31,4
a3258142-bb8a-4224-9b96-5a00f80dd956,a767f16c-f527-426b-b1b0-fa94810fb066,519f7e20-093f-4cd3-8f7d-864650019f02,Iste doloremque quam provident quos facilis.,2023-11-07 07:31:43,3
1cdc11d3-de55-449a-87d5-9ec49dd52cf5,c7e94b1f-87c1-4441-9da6-ed0f487d616c,519f7e20-093f-4cd3-8f7d-864650019f02,Nam quaerat ipsa saepe commodi facere quidem.,2020-05-30 18:37:27,5
ac0ff8f5-9580-4fac-9df0-685fea22abed,3fa542cd-da60-4c0c-9492-68f77e09a1bd,519f7e20-093f-4cd3-8f7d-864650019f02,Laboriosam dolore nisi tempore fugiat corporis.,2024-04-02 01:00:01,3
510c18f9-4529-4699-92b3-559074a7c2f0,38d0495a-ee56-4059-841e-946b3f64408f,519f7e20-093f-4cd3-8f7d-864650019f02,Cumque illo dicta voluptates consequatur quis.,2021-12-12 04:35:58,3
1774fa7c-149a-47c4-bc35-0b25313338a9,95fcc6ae-9c37-4f07-a663-366743e35089,519f7e20-093f-4cd3-8f7d-864650019f02,Eum iste iusto architecto id.,2024-01-23 17:24:58,4
8106b783-9be8-4b47-9f91-5ffe78eb4f7c,a0cbb540-228d-4862-af10-8bc3b9ef0775,519f7e20-093f-4cd3-8f7d-864650019f02,Incidunt ratione quo quia soluta placeat aperiam.,2021-05-31 08:07:50,3
9459bb20-2358-4f57-bd79-61c68fd88c75,3af71c3f-dd1a-43ee-baa4-14b90a7981da,519f7e20-093f-4cd3-8f7d-864650019f02,Veritatis autem temporibus at repellendus ad.,2022-11-17 08:05:38,2
82c6bbb1-581a-4095-a29d-374b9b0f12a6,f4350ad4-77f6-454c-843c-eb9633ed7dfa,519f7e20-093f-4cd3-8f7d-864650019f02,Suscipit accusamus ipsa similique dolorum.,2024-07-26 21:44:34,5
a4a31fc4-4ebe-406b-9f5d-8024490c93d7,1b15a9c1-b412-407f-8aa3-57731803f285,519f7e20-093f-4cd3-8f7d-864650019f02,Odio vitae rem perspiciatis.,2025-02-05 09:43:18,2
b7e7f56c-7042-40ca-8444-7809db859740,2bb8e6c7-14c4-4f0a-97c0-86d6ae780565,519f7e20-093f-4cd3-8f7d-864650019f02,Quis odio optio quas rerum aut rerum beatae.,2023-08-23 13:26:35,1
44f096df-8180-4841-b29c-b13461915df4,85577202-2584-4688-ad48-ffe8400fc4c9,519f7e20-093f-4cd3-8f7d-864650019f02,Sit minima esse dolor.,2022-12-11 11:44:31,3
0dad2d9d-e600-4799-be71-29e7a14ab190,5b2cccea-1718-4e33-9314-e0cf72579116,519f7e20-093f-4cd3-8f7d-864650019f02,Nam at cumque.,2022-04-20 07:27:45,3
7dba5b3d-8e8c-4ded-944b-2c3ee40d2bab,279a1fd1-0b36-4cf8-a666-f40a5d042bdc,519f7e20-093f-4cd3-8f7d-864650019f02,Rem mollitia at commodi ipsa sint velit.,2020-03-14 02:39:04,1
02cecf7f-9e96-4157-96f3-d3cb494b7d5f,888eaea4-67d5-487f-9dda-8203b55fbfe7,519f7e20-093f-4cd3-8f7d-864650019f02,Dignissimos consequatur odio vel.,2022-11-25 18:50:09,5
7d3aca08-ba2d-4a96-824f-92e8938d2297,b817c8a8-16db-4d67-88d0-f05b8966dc95,519f7e20-093f-4cd3-8f7d-864650019f02,Voluptatum sunt quis officia sunt.,2024-06-29 09:51:52,1
0c12aec3-a263-43d0-81fb-a4f844a05248,188bf285-3fba-4542-9be0-0610f30a479f,519f7e20-093f-4cd3-8f7d-864650019f02,Distinctio veniam in animi amet voluptatibus.,2021-07-28 09:33:06,4
884d6c79-2b90-4581-be75-9e4aabb64860,41ff988a-744f-4658-891b-4b00c77f32de,519f7e20-093f-4cd3-8f7d-864650019f02,Laboriosam ipsa similique cum est.,2024-08-31 10:08:47,3
2cfcef92-51bc-4033-82a7-bf239ac0a367,86a440d8-9d6d-425f-8b66-d089f46a9edf,519f7e20-093f-4cd3-8f7d-864650019f02,Natus nemo aspernatur dignissimos.,2021-06-16 01:46:11,3
56b0a341-d7c9-4d92-81a7-af4b73bab53b,4bf61813-8f6f-4588-b8ce-7722ed9f8fca,519f7e20-093f-4cd3-8f7d-864650019f02,Molestias eos reiciendis.,2022-03-04 14:08:08,1
1142f9b2-1c74-486b-bc8b-761ea7d0ad4c,e109db31-4ed9-4c9f-8fd4-10cf6252dab4,519f7e20-093f-4cd3-8f7d-864650019f02,Ut occaecati numquam repellendus.,2025-01-07 18:18:55,2
7860d007-a549-4b68-b1d5-254a9874d1eb,4365a52b-dcc2-404d-8b4f-2c80ffd70bc2,519f7e20-093f-4cd3-8f7d-864650019f02,Est quaerat maiores molestiae.,2021-08-18 21:59:06,4
d8d7ff32-2fbc-4b64-be8f-4dc83b7fe391,648864b1-d50d-40f5-a920-c1f44e56f329,519f7e20-093f-4cd3-8f7d-864650019f02,Quasi delectus distinctio impedit laudantium et.,2025-03-07 20:46:26,4
66766fad-b788-4068-8496-759791aa14a4,d65ba45d-dc7e-42bd-8a1f-da02b571e0da,519f7e20-093f-4cd3-8f7d-864650019f02,Quia autem excepturi.,2023-01-31 03:12:36,2
d0599db3-325d-424b-bfec-8a937182209f,1f97262d-6d24-4214-a900-83c10bbae8e4,519f7e20-093f-4cd3-8f7d-864650019f02,Quibusdam provident impedit inventore magnam.,2023-03-30 22:15:07,1
fb1d5c82-5909-46f7-bec8-616e43eaf5cd,acfd44b7-795a-4ac6-9b61-65f825bef984,519f7e20-093f-4cd3-8f7d-864650019f02,Maxime dolores ut delectus in.,2022-06-24 12:18:59,2
c196c9fc-27c3-48f4-bf8a-1ea9b594069f,2ec981f9-8d65-4e8d-9f79-9ccfc7562a82,519f7e20-093f-4cd3-8f7d-864650019f02,Non vitae dolore libero reprehenderit.,2025-01-05 20:39:58,5
0d677994-a92e-43ee-bd0e-3d0596df5b7d,db443fb8-6931-4a27-9606-651692f03867,519f7e20-093f-4cd3-8f7d-864650019f02,Alias iste ab quidem blanditiis soluta quasi.,2022-11-18 11:58:17,1
4d6dc70a-7364-499d-9bc8-1e71ff57348d,fd5ba7f8-12eb-44ba-893a-a892453de8bc,519f7e20-093f-4cd3-8f7d-864650019f02,Aliquam doloribus earum libero autem.,2020-12-26 08:04:46,4
d398dbd3-bdf0-4b32-a21b-ae99b19a5d93,fbf9257c-917b-4d56-8278-df122461129a,519f7e20-093f-4cd3-8f7d-864650019f02,Necessitatibus blanditiis nulla.,2024-11-08 02:00:10,2
463cfa0f-bdb9-4ee9-aaa4-c6d125768911,b78d6c7f-c64a-4d67-acb8-683a42169e19,519f7e20-093f-4cd3-8f7d-864650019f02,Alias commodi ipsa soluta debitis recusandae.,2022-03-12 19:26:55,1
08d0baf8-8eb3-4ef9-b1a4-357fe0b1121c,33fbdf03-b241-49bd-b252-ad6aa9fe551d,519f7e20-093f-4cd3-8f7d-864650019f02,Amet velit praesentium et error sequi magni.,2020-07-11 19:35:36,1
65c03d97-6113-4a33-9103-64cd5da33f89,e351f093-fbd6-4cc0-aa49-71726e9cbbc3,519f7e20-093f-4cd3-8f7d-864650019f02,Quo laborum temporibus veniam.,2020-11-03 22:39:17,2
157ad804-030d-4c50-8471-2856d171589b,9ab79aba-be7f-455a-990b-d577910d3812,519f7e20-093f-4cd3-8f7d-864650019f02,Tempora nostrum corporis aliquam nobis aut.,2024-05-13 14:39:04,5
7c06cf42-9643-4f89-bfb4-a68744150810,970245a6-c2fe-42e1-94fc-298bdb5dfdb5,519f7e20-093f-4cd3-8f7d-864650019f02,Exercitationem nostrum debitis dolorum possimus.,2020-09-26 14:00:22,3
e5122576-c30d-45f0-8455-3d71f3ef3386,aab91d72-f64a-41a2-8e7b-ef2c6f359d62,519f7e20-093f-4cd3-8f7d-864650019f02,Unde similique vero optio dolore.,2022-01-28 03:59:29,3
aa194784-8294-4f3f-b5c1-99a0b15f1935,9e5390de-f002-4d8f-90ab-08e198cc8a3a,519f7e20-093f-4cd3-8f7d-864650019f02,Eveniet aliquam at ducimus perspiciatis.,2020-02-10 21:02:08,3
5e56ef62-97d7-465f-b13d-60b352d4b092,dee82e67-6192-482c-828a-6b6a837f0c92,519f7e20-093f-4cd3-8f7d-864650019f02,Voluptas repellat corporis nemo dicta earum.,2024-04-22 02:36:57,4
cd98c00e-eb7a-4edc-a75d-3cebf1aa568a,bca482f3-73af-437c-a06a-b30e69bc9247,519f7e20-093f-4cd3-8f7d-864650019f02,Sequi fugit nemo natus vero nobis tempora.,2021-09-26 05:15:14,4
2f43a3c9-2cbb-4db0-8fee-0ddd9a0bd281,26cc1e5c-11b3-4ed6-9798-09858e27e000,519f7e20-093f-4cd3-8f7d-864650019f02,Facilis recusandae iste.,2022-06-11 22:12:47,5
8c965228-6254-4d44-bf00-d4f647e097bb,209df945-55e6-46ae-b136-1e0a3b605d7b,519f7e20-093f-4cd3-8f7d-864650019f02,Maxime illo provident a.,2022-01-19 12:39:20,2
010b2cde-fb91-45c4-a3e7-7dc10c270ae4,48984ac2-7332-4b90-a2fa-360453709b83,519f7e20-093f-4cd3-8f7d-864650019f02,Dolorum magni aut at. Ullam asperiores natus.,2021-03-11 03:24:10,3
c837dbae-e0c4-4478-84c2-4be9e2ddf7fb,408b978e-549b-4abf-92ef-93a4d7edd989,519f7e20-093f-4cd3-8f7d-864650019f02,Aliquam hic ipsum cum tenetur iure adipisci.,2022-03-27 02:17:35,4
be6a768b-5b1a-419d-b9ef-cc4268d3f704,80aabccb-89e2-494a-839f-cdbc5ac37898,519f7e20-093f-4cd3-8f7d-864650019f02,Libero veniam unde mollitia distinctio.,2020-09-09 09:41:34,3
b0c18c62-d87a-4c5c-b031-21096d1ab299,d32b1a64-51fe-4a2e-b9ad-c9a942a39202,519f7e20-093f-4cd3-8f7d-864650019f02,Vitae harum porro occaecati doloremque.,2022-04-30 11:46:10,5
0189f4b5-9022-47cf-aa66-5dc46f1c55fe,e7c5bddd-2ff0-4fc0-8c80-d659bf3d1a7c,519f7e20-093f-4cd3-8f7d-864650019f02,Natus officiis illum perferendis.,2021-03-11 06:42:50,4
caf4a369-6dd8-4f87-9e7c-4e44843cd77e,bf945f24-e7f9-40f4-aa2a-e5d5f522a107,519f7e20-093f-4cd3-8f7d-864650019f02,Soluta aliquid officia quo expedita eius.,2021-01-10 03:47:03,4
af2f4c1a-3a62-4d86-a5f0-44b93e5a4ee6,654431e9-64b5-4b18-9daf-2862353235f6,519f7e20-093f-4cd3-8f7d-864650019f02,Vitae corrupti eum nostrum at totam.,2022-02-20 19:41:43,2
6bb9cedf-0414-48ff-b851-d4fdc5603be6,6b11df0e-449b-4c58-a359-220bd40a310b,519f7e20-093f-4cd3-8f7d-864650019f02,Perspiciatis nam quisquam architecto facilis.,2020-06-10 07:03:40,5
1f9c1ab5-57d9-4f08-8da9-fcf16f66536f,dbf3c67b-5d36-49d2-a342-282ea56b21de,519f7e20-093f-4cd3-8f7d-864650019f02,Eligendi numquam fuga iure iusto veritatis.,2024-10-27 01:06:46,1
45748ffa-2615-49f7-95e4-468f3f762a7c,77d6f775-582b-4cd0-87ce-42c7a399bb76,519f7e20-093f-4cd3-8f7d-864650019f02,Veniam ipsa sit molestias eaque labore.,2021-09-26 11:16:42,3
955b91e2-5b25-45ea-8119-3dc34a274989,f11df18e-6f2c-4bbd-b72a-1fb4829c791d,519f7e20-093f-4cd3-8f7d-864650019f02,Cum doloremque fugit harum repellendus sed.,2021-05-08 11:23:37,4
410021f4-28a8-4de2-9aee-145f1895ed45,39928759-bc45-4eec-b684-4e72a93d61bb,519f7e20-093f-4cd3-8f7d-864650019f02,Eos culpa consequatur occaecati.,2021-06-16 20:18:17,3
e0a8bc67-5344-4909-a629-dbc8ae480b70,98510b9e-d58f-4071-9581-79a29829a0c7,519f7e20-093f-4cd3-8f7d-864650019f02,Nam quo accusamus ex id dolor consequuntur.,2023-05-05 03:06:24,3
d0d2aa70-e2bd-4f4b-afc2-9125af89a94c,fa70fecf-6493-4d17-b51c-27506524f061,519f7e20-093f-4cd3-8f7d-864650019f02,Dolor omnis voluptates distinctio quaerat rem.,2020-12-29 06:45:56,5
85596a1f-807c-4908-bdce-bc46fed3d77e,b4443969-fa7d-4e43-8a8c-16ffbc52f460,519f7e20-093f-4cd3-8f7d-864650019f02,Ullam odio exercitationem distinctio.,2021-05-18 07:02:24,2
4bc09286-84b7-4cd4-bbb4-34ae6044050e,bd7e9339-3089-40e5-a4b2-bfe0f943dec6,519f7e20-093f-4cd3-8f7d-864650019f02,Ducimus rerum harum. Assumenda minus ex fugit.,2023-07-04 00:36:37,1
1543c182-bf79-4581-9a32-3a983e79947a,9211bf4c-28ee-4505-8268-b05f958ddc17,519f7e20-093f-4cd3-8f7d-864650019f02,Recusandae iste culpa.,2021-01-12 18:40:01,2
cf0e68b3-3bd2-497a-b883-7dabd0e2c34a,09b3424e-1e79-490d-8a04-d084a0fe88c4,519f7e20-093f-4cd3-8f7d-864650019f02,Impedit ipsum cum perspiciatis quos et.,2024-12-07 13:30:50,4
a624913e-6789-4656-ac13-7fb1c7528d4e,844bb969-13b8-4d0f-b8df-fd1b225d076f,519f7e20-093f-4cd3-8f7d-864650019f02,Voluptatem non id exercitationem eveniet.,2020-02-22 19:18:33,1
f86a5b14-6c6b-4a5c-8569-23064102916c,378ce107-3916-4419-a3a4-fc869ed66b77,519f7e20-093f-4cd3-8f7d-864650019f02,Id culpa corrupti adipisci.,2025-01-02 11:58:57,5
5ef716dd-9dc0-4e3b-8bfb-3ea9354f347b,358cad98-1d81-4f13-a66b-a44d8ac98daa,519f7e20-093f-4cd3-8f7d-864650019f02,Incidunt esse facilis atque expedita.,2024-02-06 15:53:08,5
d3ec171e-f7a4-4c88-9413-9c2c8af0884f,f7730860-75a2-43f8-baf2-fc3aeb9252f2,519f7e20-093f-4cd3-8f7d-864650019f02,Debitis iure consectetur ea.,2021-01-17 13:43:19,2
16f082f5-a035-4bfe-af65-46c89711e3ee,e90f2c7f-2a02-462a-8a4a-f85cf494764d,519f7e20-093f-4cd3-8f7d-864650019f02,Alias quo quod natus dolorem.,2021-04-20 13:48:25,5
6ed78d90-1fb1-4a16-80b6-b260809ede09,3f6c129a-2fa4-4477-ab02-6934fa2ca1c7,519f7e20-093f-4cd3-8f7d-864650019f02,Quos sit nisi error cum nostrum.,2025-01-26 21:36:42,2
d488192f-a058-4db2-8b5e-89261a2cb207,a6e3d199-5ce3-46cd-9d60-53ec2bf8c666,519f7e20-093f-4cd3-8f7d-864650019f02,Aperiam nemo enim perferendis dolores beatae.,2024-05-14 21:53:27,2
0015d39b-f29c-4b4a-921a-5d2506083c26,41a67854-f5f6-4c54-9e4d-e528927a6b83,519f7e20-093f-4cd3-8f7d-864650019f02,Provident similique voluptate deserunt esse.,2022-07-25 10:30:13,5
25ba11dd-98de-4b0c-a670-71432974f76a,a25c1cc8-52d8-49cc-99aa-bc83a6ae92f3,519f7e20-093f-4cd3-8f7d-864650019f02,Ullam officiis nam.,2025-04-05 09:09:12,5
e791c108-4258-455b-ae25-ce0402f6ae23,709155d4-2812-4d61-9778-a372cbcf8dc1,519f7e20-093f-4cd3-8f7d-864650019f02,Quod ea culpa est. Quas pariatur numquam.,2022-03-13 16:09:22,1
16f2b4fb-88a5-463c-b1ad-f39c48015f2d,40a67f6f-238a-4fbc-83d4-9c8522236ad3,519f7e20-093f-4cd3-8f7d-864650019f02,Vero illo asperiores ipsam officiis.,2024-11-25 17:16:16,4
e75af7d3-48b0-42d9-afb1-1adbac6005d0,1a55adc6-118c-4c8d-b66d-0c98aeaaf6c9,519f7e20-093f-4cd3-8f7d-864650019f02,Assumenda voluptate velit ad fugiat.,2021-10-28 20:41:43,4
4bc1e051-53a1-40fc-91c9-dcc68289ea3a,4c8fd8d8-3672-4145-947f-b159035480a1,519f7e20-093f-4cd3-8f7d-864650019f02,Delectus explicabo enim optio facere.,2024-03-26 12:01:02,3
bb18720a-b531-4498-9947-9e4161d2ab84,e1101c34-be8b-46a8-83e6-18f74129d95f,519f7e20-093f-4cd3-8f7d-864650019f02,Necessitatibus iusto eligendi consequatur.,2022-04-27 11:43:23,3
6a35347e-b742-4cbf-aaf6-eef09237c642,e70dd7c5-c4d2-4d01-b293-06015af5e804,519f7e20-093f-4cd3-8f7d-864650019f02,Cumque voluptatibus odio quisquam architecto.,2020-01-12 07:48:45,2
5eafac9d-a9d0-4e5b-8504-c6d033ec33ca,daf328e9-0e1a-48d8-9a27-bd5f79b78e21,519f7e20-093f-4cd3-8f7d-864650019f02,Commodi occaecati sint itaque.,2023-07-27 03:06:53,5
e866aec5-c840-4180-8c82-05c8aed6a89f,8ea6c6ce-13c1-4cc3-a873-055cdb18ff52,519f7e20-093f-4cd3-8f7d-864650019f02,Debitis nostrum est labore.,2023-04-08 07:47:11,2
e2bbfb7f-a63c-4c3d-9fa1-44f595adedb5,2e5674e3-793e-4330-a425-2060011ffa2b,519f7e20-093f-4cd3-8f7d-864650019f02,Aliquam distinctio eveniet distinctio unde.,2024-08-24 19:08:59,3
173bacad-2a13-43d3-95ee-280028008fe9,1a602aba-ca4b-4ff3-93a8-c566a345daf1,519f7e20-093f-4cd3-8f7d-864650019f02,Sint dolorum placeat inventore non placeat.,2022-04-17 09:20:32,3
14e40604-07e0-41bd-997f-be8034b59e26,aa57ad48-be03-48fd-9772-bf1e18519081,519f7e20-093f-4cd3-8f7d-864650019f02,Voluptatem quaerat iste a.,2023-03-09 23:29:42,1
e5be1e85-9d0a-4d9f-86e0-1922aee82f29,492e37fd-1a41-4c40-907d-ce2082fdc645,519f7e20-093f-4cd3-8f7d-864650019f02,Nesciunt quasi quas natus pariatur magni.,2022-09-30 21:48:26,5
dcdd578c-66ee-464b-b3a2-e06286698b5e,9a7b9fa3-b9e9-459b-8bc9-3fd27d5be04e,519f7e20-093f-4cd3-8f7d-864650019f02,Eligendi atque exercitationem cum est tempora.,2020-07-05 23:21:30,1
1b66f2c7-6a0b-41fa-9b36-402e278545b8,16bf7f38-02bc-4acf-b621-e51c5f700746,519f7e20-093f-4cd3-8f7d-864650019f02,Culpa placeat fugit.,2024-05-17 14:49:39,4
b97c1512-e4af-4817-bb0b-3e444d084ce5,6233e744-21cc-443a-9f06-19a125434126,519f7e20-093f-4cd3-8f7d-864650019f02,Vitae eos nesciunt eius incidunt.,2022-01-29 05:48:59,2
8841a5a3-5373-463e-97cb-3c948c37102b,4d2dd915-7861-474f-a40b-2eec345b210c,519f7e20-093f-4cd3-8f7d-864650019f02,Vel veniam sequi. Iure ex quisquam reiciendis.,2023-10-18 11:02:57,2
0cf54b83-9f2f-4d1e-afbe-fe26fc13d843,2bfff77f-424a-4c31-9d69-747c51426a83,519f7e20-093f-4cd3-8f7d-864650019f02,Sequi sed commodi recusandae. Velit ex nam quas.,2021-12-17 23:49:44,1
799481d0-8bcf-438b-933f-83c20be4f769,0c6d2f42-9a47-42fa-83ae-02dac0ce67fe,519f7e20-093f-4cd3-8f7d-864650019f02,Maiores suscipit ratione dolorum.,2023-07-19 17:45:33,4
97c91358-e1a8-4eb3-aced-eecb2b0318f4,bad106bc-9a94-4098-a66c-3e8396a5f65b,519f7e20-093f-4cd3-8f7d-864650019f02,Aliquid nemo dolorum facere.,2021-10-13 20:03:49,5
d843ea72-4c17-41d9-adcf-40bdf830aaf9,3a2880bb-9e46-4634-aed7-ddc54235c6cd,519f7e20-093f-4cd3-8f7d-864650019f02,Omnis ex eligendi fugiat odio perferendis.,2023-06-21 19:22:54,1
e899bca0-d239-44d1-9566-103ba740124b,a2e3c854-4549-4e3c-9b56-c27e56bf02da,519f7e20-093f-4cd3-8f7d-864650019f02,Ratione magni ipsam dolorum.,2020-10-11 15:23:56,5
77fdfcb2-b3d3-4e21-9bfa-91fad8eb10d5,cb52befa-4b18-4a66-9239-21fe03a8c7b4,519f7e20-093f-4cd3-8f7d-864650019f02,Laborum ea animi. Ipsam et quia ipsam.,2020-04-19 23:10:09,3
8309c2d6-6def-4525-9e9d-555ae17d2521,5ce6e555-318b-4082-9320-5e70a537d834,519f7e20-093f-4cd3-8f7d-864650019f02,Veritatis eum sequi dolor animi mollitia.,2021-08-15 21:00:45,4
853837c7-64c2-4a14-9a5e-ac5e799cc4e4,f1185665-ac6b-49fa-a38c-0e7879d54269,519f7e20-093f-4cd3-8f7d-864650019f02,Aut aliquid eaque iusto ipsa.,2024-09-15 11:52:04,4
c68fc6a0-e127-4372-9ffa-4d631022b293,4a6c780c-11ad-4efe-b25b-90630e4ee205,519f7e20-093f-4cd3-8f7d-864650019f02,Ab inventore fuga fugiat tempore reiciendis.,2023-08-01 21:31:57,3
cee930cd-35ad-4a10-94c5-e9518c61c3c0,f64244ee-2041-4a0f-8e21-8facd7f34d3d,519f7e20-093f-4cd3-8f7d-864650019f02,Optio facere possimus.,2022-11-13 04:26:14,2
e85f8405-3949-4b81-8770-1491b4a4b450,fb2dfa55-c374-4af6-b662-3249585cb27f,519f7e20-093f-4cd3-8f7d-864650019f02,Facere blanditiis a nostrum ab.,2021-09-11 00:21:03,1
67005cfc-69c5-457c-85d5-e92242522c3d,cf637424-1edf-4fdb-ae5b-d1ebfcc9f64b,519f7e20-093f-4cd3-8f7d-864650019f02,Laudantium facilis quibusdam ducimus alias.,2024-06-18 14:45:26,4
317592ac-0e8c-406c-bba1-25692988616b,b3c0ae04-baa4-42ba-b14b-c8af291181fd,519f7e20-093f-4cd3-8f7d-864650019f02,Molestiae enim a provident tempore magni facilis.,2023-10-20 15:02:01,3
85f64105-4738-4591-95c4-199199099eb2,5845a66e-4a25-4988-ab74-9c494e45346a,519f7e20-093f-4cd3-8f7d-864650019f02,Blanditiis assumenda dignissimos omnis deleniti.,2020-07-19 15:19:15,3
be844495-efc5-4f78-b883-c3950cb799d9,93a7c4b9-f1f7-4573-857e-48920da9e991,519f7e20-093f-4cd3-8f7d-864650019f02,Maxime illo porro.,2024-05-10 19:36:45,5
299dc2dd-4399-4b60-ae4c-fa119c497506,1af5f0f5-1b42-4e7f-8729-e1728137c9de,519f7e20-093f-4cd3-8f7d-864650019f02,Laboriosam voluptas architecto neque.,2022-02-04 14:51:54,5
b1fbdd8c-7001-41d5-9af7-6d8a8599b06f,11ffce80-6d1c-49f0-a8af-beede57d9040,519f7e20-093f-4cd3-8f7d-864650019f02,Facilis fugiat ipsa atque.,2022-02-19 13:09:35,5
132f8917-45a2-4355-9ef3-4e4b009962a4,7f5467cc-452a-47ef-96cf-72cd9768eb11,519f7e20-093f-4cd3-8f7d-864650019f02,Sint beatae minima.,2021-02-18 08:19:54,5
948ccf19-5923-46d4-a371-3ef4d5b091d1,3685aeab-109b-4715-9c2c-df3b47109768,519f7e20-093f-4cd3-8f7d-864650019f02,Tempora nisi soluta distinctio impedit deleniti.,2020-09-06 05:20:25,1
d0f0994c-c347-4558-9d44-8991f8ec7546,7f14d8df-2126-4fd0-a718-2b9ac877b110,519f7e20-093f-4cd3-8f7d-864650019f02,Sequi ullam quae culpa voluptatum veritatis eos.,2021-12-08 10:53:08,4
a315a090-6868-42cb-83f1-6577217fe9e3,12097a79-f232-4b42-8663-0ab0d3cd5657,519f7e20-093f-4cd3-8f7d-864650019f02,Reprehenderit nostrum tempore quibusdam.,2025-03-01 14:17:24,2
b9e5d954-4805-4237-91f7-f928acf48a8b,93949533-dc56-497b-9dae-6701689cd4a8,519f7e20-093f-4cd3-8f7d-864650019f02,Occaecati nobis alias nihil cupiditate nisi.,2021-07-31 03:55:32,4
68bbe3cd-be62-44c0-836b-1883d65b4f35,719e3f2c-e215-4262-82d3-12d922fe9d36,519f7e20-093f-4cd3-8f7d-864650019f02,Non rem cum.,2021-11-27 11:36:33,4
5139f63e-7bd7-4567-8bd4-1edfd2646d79,0569549f-5b13-4b4c-9d2c-b99877e91df5,519f7e20-093f-4cd3-8f7d-864650019f02,Itaque quo expedita labore minus.,2023-09-01 05:18:59,2
1837b187-3b45-4c96-b358-7c3263d8f807,174835e1-eb51-4d24-9c44-00698e49a45e,519f7e20-093f-4cd3-8f7d-864650019f02,Error odit labore saepe.,2023-06-15 08:44:44,4
32de7115-75f6-45ca-894a-288da65dad02,2d20b856-e638-4c44-87ca-7a7d6f9a07b4,519f7e20-093f-4cd3-8f7d-864650019f02,Accusamus eos quis aliquam cum.,2021-12-07 16:56:12,3
ed10ab82-2bb0-4076-b69f-e16ff69a2ca1,ed875d86-784d-4c42-bb13-5843e0fe82a2,519f7e20-093f-4cd3-8f7d-864650019f02,Possimus consequatur porro explicabo at totam.,2021-06-11 10:35:20,1
99a47e0c-32e7-4dc7-868c-1341c5334c52,00801711-a741-42c9-b6a8-ecfca78cf5bc,519f7e20-093f-4cd3-8f7d-864650019f02,Eveniet pariatur aliquam dicta quas.,2021-06-27 09:03:59,3
234bff5c-d6ea-46bf-a45d-8c2375ca824f,9e7c107a-043b-49b9-a262-937697bea7f7,519f7e20-093f-4cd3-8f7d-864650019f02,Vel ipsam iusto amet labore hic.,2020-10-20 15:04:13,4
0e519581-9df9-41ea-8b71-511813fd902d,e7e7418a-f47f-4666-8506-4f08b98c43b3,519f7e20-093f-4cd3-8f7d-864650019f02,Quibusdam cum voluptate libero consectetur quos.,2020-07-25 21:26:42,4
bc902ce0-d827-4f2d-83d1-d7150d0872eb,e12a2994-1a1a-420b-9409-bc0b88f29e24,519f7e20-093f-4cd3-8f7d-864650019f02,Nesciunt tempora nostrum voluptatum illum.,2022-05-07 08:57:00,5
63f81e03-74c5-41eb-9da4-be901026c9a6,45a92d41-91ab-4558-a340-d24c1c3f7235,519f7e20-093f-4cd3-8f7d-864650019f02,Assumenda repellendus eaque quas.,2022-09-15 05:13:28,5
a3fc9801-42d3-4b03-bbf1-242ef0f1fb78,88fa325e-2380-4f32-ae9c-dd6d37270097,519f7e20-093f-4cd3-8f7d-864650019f02,Iste provident pariatur consectetur.,2021-10-26 19:55:52,4
a26f4e8d-bee3-4858-b519-4bba00055fa7,f41d04bf-7097-438b-aea4-bea10863f60e,519f7e20-093f-4cd3-8f7d-864650019f02,Facere fugit magni id eius temporibus quis.,2021-07-02 16:25:30,3
8c047df1-eff9-4830-b108-06366f0ee424,3095be4b-9cd6-400b-a001-c555a1cb7974,519f7e20-093f-4cd3-8f7d-864650019f02,Nihil unde maiores mollitia dolorem.,2021-06-15 01:46:45,5
cb5ae3c8-ea7f-4129-8419-1ea9c1928316,1199f1db-2051-4260-a87b-9a4af66248b9,519f7e20-093f-4cd3-8f7d-864650019f02,Facere rem consectetur fuga placeat.,2023-05-02 15:07:05,3
b1f2d173-19be-4d77-a618-dd22424d9ccd,3b1915cd-02a2-459d-a624-a7ca9282cf5b,519f7e20-093f-4cd3-8f7d-864650019f02,Officiis praesentium commodi eligendi.,2024-01-01 05:28:58,5
2f54ef56-1a41-4f77-8d3d-4a8d72a18e91,a492822a-5e37-40e8-9646-5075b29e34dd,519f7e20-093f-4cd3-8f7d-864650019f02,Voluptas libero vel eos quaerat temporibus eius.,2023-10-20 03:34:06,1
9a7c1b27-f97d-4f3f-888c-14984b77417d,c98cffe3-caa6-4d34-8659-e7cdf7280c00,519f7e20-093f-4cd3-8f7d-864650019f02,Est rem velit tempora.,2024-03-21 00:42:30,4
68a3bea9-0390-44b6-bba9-2f82af18bdcd,a47a1df8-f2de-4d49-81fd-a2408260472d,519f7e20-093f-4cd3-8f7d-864650019f02,Aperiam aliquid veniam expedita.,2022-04-13 13:27:00,2
4f93d4d5-ac36-4836-806d-db15b8ba589e,1399e71c-64d0-4a2e-9594-59a6eb311a59,519f7e20-093f-4cd3-8f7d-864650019f02,Quam voluptatibus quos architecto.,2025-03-29 01:11:08,3
0a72afca-0d40-4c1e-9330-7abc47617d59,8968b5a1-1d88-46a7-99f9-240d1ebdcc36,519f7e20-093f-4cd3-8f7d-864650019f02,Eveniet dolor illum voluptatum alias natus.,2023-09-25 01:16:02,5
05555146-5c75-497f-9539-3b93e81c592b,58c5e6b9-573a-4e17-a8da-4ff02bf4e83a,519f7e20-093f-4cd3-8f7d-864650019f02,Veniam ex unde tempora iste quam nostrum culpa.,2024-05-28 21:53:43,4
96a25405-188f-4b14-b1c9-f8a9ec703cec,9d903973-8499-4465-9058-9cc408cc665f,519f7e20-093f-4cd3-8f7d-864650019f02,Incidunt occaecati accusantium nesciunt.,2023-08-21 15:26:01,2
a97ecb4a-78db-4f2d-a244-95fe2f46dc20,23d8ae23-7db9-42fc-97d0-57c3301e05d7,519f7e20-093f-4cd3-8f7d-864650019f02,Odit impedit similique accusantium autem facere.,2024-04-14 21:58:44,1
1a7e910e-a00a-4092-92da-54dfdd27eaf8,65efce4f-6b6f-4534-9962-49dffbaa515c,519f7e20-093f-4cd3-8f7d-864650019f02,Est esse veritatis. Vel odit iste.,2020-09-20 00:02:06,4
54e3605f-71d7-4024-9637-e06be14f663d,71bf1b46-54f5-4df2-a3a1-a55b937ec240,519f7e20-093f-4cd3-8f7d-864650019f02,Iusto ex ut. Impedit architecto architecto sed.,2022-09-11 03:00:54,5
b329c9b8-63b1-4e7f-b7e2-4938925d2ed0,29ca9cda-fede-4be0-97f0-1d5cb720282d,519f7e20-093f-4cd3-8f7d-864650019f02,Possimus incidunt ipsa.,2023-09-22 17:08:50,2
48a8a8ad-d0e4-4adf-8637-32c9bf176efe,b973306c-ca2d-447a-850e-9d2cb80bd484,519f7e20-093f-4cd3-8f7d-864650019f02,Odio officia vel iure natus voluptatem sequi.,2023-03-09 16:33:59,4
06a5c977-5fbf-44c7-bbb6-b6bdbbb9891f,d2844709-b577-4b84-a558-e0b5767f8a94,519f7e20-093f-4cd3-8f7d-864650019f02,Nemo dolor laborum.,2023-05-13 09:52:37,5
f4c7f65a-322d-4782-afde-30d66e5139da,09b07e71-5134-45aa-87f4-51205afc3f98,519f7e20-093f-4cd3-8f7d-864650019f02,Explicabo quia eligendi labore nesciunt culpa.,2022-02-13 12:40:51,5
a2a3fd4f-f308-4d95-ac62-6d7783ddedf3,6ce15fd2-7789-4e2b-9e37-92732683fb2b,519f7e20-093f-4cd3-8f7d-864650019f02,Delectus odio minima dolores neque.,2021-10-16 07:05:51,2
6b2a20ea-4920-476d-9fc3-d47f0f19429b,e9b67ad2-1e63-49f1-9b17-b0a20c1d0d5e,519f7e20-093f-4cd3-8f7d-864650019f02,Eaque ad a officia magni neque facilis.,2023-10-07 00:47:37,4
3b617acc-a50e-43b3-a481-d622d172ac5e,9d9773a2-9849-43e4-bdb6-171c991a0c14,519f7e20-093f-4cd3-8f7d-864650019f02,Placeat rerum ipsa magnam nam eum.,2021-06-10 19:51:11,1
9241e19e-9efa-4f84-aa09-66b9aa35844b,ab4b7f7a-8fc7-46e1-9126-8e94d8fa91c4,519f7e20-093f-4cd3-8f7d-864650019f02,Eaque delectus rem rerum.,2020-06-29 12:04:43,2
c044ae26-6b08-4a8f-a66c-fa3576a792ed,0beecee4-5027-46ca-b3f1-87002e091268,519f7e20-093f-4cd3-8f7d-864650019f02,Laudantium molestiae quas quo neque voluptates.,2023-03-16 12:32:58,3
8beb8818-9b05-4b05-b96f-97dc5784dfa6,a5f76365-5aba-446b-a19a-858cbf0a5c1b,519f7e20-093f-4cd3-8f7d-864650019f02,Quas quidem minima ducimus unde distinctio ea.,2020-11-01 02:36:47,4
8842a330-34e7-4426-8648-c264bc24df1e,f0a7e123-9563-4164-b9b2-f7706a56e9c4,519f7e20-093f-4cd3-8f7d-864650019f02,Qui occaecati iste minima.,2024-03-13 00:47:17,3
a010dbd8-4133-4ff7-9321-28823b14dbac,c84e25f9-08b3-41ac-9367-b5623ac9c38a,519f7e20-093f-4cd3-8f7d-864650019f02,Quis quos modi officiis voluptatibus sit.,2021-08-06 10:04:26,1
7e99eabd-404f-4fb2-8a8b-27cbf93cc3f9,c0c07b26-381f-41d9-879d-93eec4575c8f,519f7e20-093f-4cd3-8f7d-864650019f02,Aliquid dolorum autem.,2021-08-29 07:22:44,4
8c070805-c657-4402-9f61-68eb44e4ec34,e46b7597-8d72-4d1f-b844-e2cbacebb567,519f7e20-093f-4cd3-8f7d-864650019f02,Quo voluptatibus odio nam voluptas soluta.,2020-08-04 17:46:46,2
5c851c42-641c-48a4-83de-b279ac7b0e82,51da44b6-5782-4f1b-9a4d-095f12fff3c1,519f7e20-093f-4cd3-8f7d-864650019f02,Repudiandae sed nam sunt impedit reprehenderit.,2021-12-16 07:33:58,1
5e9f1775-a87b-463b-82a4-bc6cfcdb29a6,d1f10d91-cd3a-4314-a101-e30891fba7cd,519f7e20-093f-4cd3-8f7d-864650019f02,Repellat in soluta cum.,2023-07-07 12:38:28,5
346c1158-6d4d-47d5-a576-42a5354c564a,d300ba32-e760-43d9-9de9-e814e540fa67,519f7e20-093f-4cd3-8f7d-864650019f02,Non laboriosam atque.,2023-06-06 01:58:49,4
3e88ff9b-bc3e-45b2-bfb0-22b276421758,36e9a0d9-a0b7-4d51-b396-fb4ac7ff5e0d,519f7e20-093f-4cd3-8f7d-864650019f02,Natus a at vitae asperiores culpa officia.,2023-08-29 12:59:15,1
f517c3b4-10a6-43c5-a2a6-33321637e71e,ac5cbf6b-07a5-465b-a9ee-659459b452eb,519f7e20-093f-4cd3-8f7d-864650019f02,Maxime illum autem magni molestiae rerum sequi.,2023-03-23 22:24:49,2
159931ce-130f-41de-af76-91aabee0af53,5e6ddabd-c6ae-454d-bf9c-8ddd4752ec84,519f7e20-093f-4cd3-8f7d-864650019f02,Sapiente sapiente dignissimos dolorum.,2021-01-05 10:42:26,4
341768e0-c570-4e5d-96ab-5c183ac3f0fc,7921a979-f46a-4796-9e27-1243b4fae6f7,519f7e20-093f-4cd3-8f7d-864650019f02,Rem id iste natus dicta voluptas.,2025-04-08 19:25:55,1
9e13ddb7-ade4-445a-9d79-c0d953b97eca,51384fe1-94d7-4372-b44c-bbff877178d6,519f7e20-093f-4cd3-8f7d-864650019f02,Quasi amet vel.,2025-02-28 14:29:33,1
73285a35-aafb-4455-a8a2-686d4bfebe05,23090868-e531-4d6d-8991-44510a8ed097,519f7e20-093f-4cd3-8f7d-864650019f02,Tenetur deleniti possimus officia labore.,2021-05-15 20:08:26,3
b92b8bd3-106c-41a9-9873-03254a1f7dba,e2bdf022-5218-4955-ab7e-885907530686,519f7e20-093f-4cd3-8f7d-864650019f02,Dicta temporibus neque quo maiores.,2021-07-15 05:25:45,3
4293c612-83da-4e31-bc94-25cef1aa27df,c3cd4843-014e-4385-9dfb-b10d1b7669c0,519f7e20-093f-4cd3-8f7d-864650019f02,Officia nesciunt exercitationem unde sapiente.,2024-02-06 03:43:01,2
a1446940-6318-4c3a-b3fb-2247e58ce0b3,d2216d2d-5bc7-45a1-a34b-dedcb1941c8c,519f7e20-093f-4cd3-8f7d-864650019f02,Sit est quidem vitae reprehenderit.,2021-06-09 06:23:40,3
52c18111-bcb6-4b2a-a7db-8a71035f8eb2,d8e589e4-2aed-4a5a-b933-79e12eb73541,519f7e20-093f-4cd3-8f7d-864650019f02,Odit voluptas sunt possimus illum a saepe.,2023-01-14 07:34:09,2
336d64ae-ce5d-41f0-9c83-fb87917d02c7,f567e0b3-dca8-497f-8a7b-324caefe8067,519f7e20-093f-4cd3-8f7d-864650019f02,Nihil fugiat enim cumque voluptas tenetur.,2021-03-16 21:22:36,3
6d3b150f-3d16-444b-b510-a2571290bbf1,e923d7c2-bd11-4bc9-94f5-dc69ff4689e0,519f7e20-093f-4cd3-8f7d-864650019f02,Cumque aut soluta quis.,2023-11-23 15:17:00,1
72d9bf36-138d-4aa0-92d5-43c1b1e9d9c7,1b281711-e0c5-4822-9b48-4fc21b000ae6,519f7e20-093f-4cd3-8f7d-864650019f02,Minus optio asperiores perferendis saepe minus.,2023-10-14 21:39:16,5
c538cfb0-eb54-4662-a123-3b94286f9b3c,012edad8-b642-414f-bd68-37a50401c489,519f7e20-093f-4cd3-8f7d-864650019f02,Suscipit eligendi est sunt saepe in quas.,2020-01-15 18:25:16,5
f6e4de97-0b5c-4e8a-902b-082ddefe3981,1d4bacf3-d41a-4dea-b4b6-4601e7554463,519f7e20-093f-4cd3-8f7d-864650019f02,Alias eveniet exercitationem neque.,2023-02-23 19:19:45,5
1ca9004e-c937-4e33-a87e-83a59e237b71,db093d80-183e-4ca7-a30f-0c4d4590170f,519f7e20-093f-4cd3-8f7d-864650019f02,Natus fuga libero hic labore.,2022-11-13 05:19:54,4
91413cdf-d3da-4c91-9e18-87d058fe506a,62283fe2-091f-4baf-9d69-dccb05b6bb6f,519f7e20-093f-4cd3-8f7d-864650019f02,Nam earum incidunt fuga labore.,2025-04-08 21:44:59,5
98e18593-cb74-4d16-8f0a-44e8e947f576,ede5e96d-ecdf-4b69-860e-0f78a20134be,519f7e20-093f-4cd3-8f7d-864650019f02,Officia ipsum in eligendi.,2020-12-24 12:56:31,2
b6e20f5f-1993-4884-a740-5dbb890da9f0,91a88b24-296f-4374-8e0d-2f66862c28a3,519f7e20-093f-4cd3-8f7d-864650019f02,Placeat consectetur in.,2020-04-20 23:15:36,2
3c7348d9-f581-45e7-9a5b-bca467d08464,7ff64639-7830-40ac-bf0b-de6ce6421395,519f7e20-093f-4cd3-8f7d-864650019f02,Exercitationem tempore quam dicta.,2021-07-05 22:11:39,5
92929eed-8e28-42d4-973e-f79e3968d248,9e6636ff-d264-497e-a07c-d0449464e74a,519f7e20-093f-4cd3-8f7d-864650019f02,Unde dicta inventore in.,2024-09-09 23:57:23,4
ef7b7848-a241-4357-8da1-aff2e9973cb3,d166e56c-4680-4487-a5f2-9924f2e855ff,519f7e20-093f-4cd3-8f7d-864650019f02,Commodi voluptate vel quia. Fugiat at eum magnam.,2020-03-17 02:57:34,2
51e21d2c-eedf-4862-8ff9-b95d5e3f1016,88d508ec-0f42-49aa-aace-bb870d181129,519f7e20-093f-4cd3-8f7d-864650019f02,Tenetur in nostrum aperiam dolorem aperiam.,2023-01-09 23:16:23,3
6fbd7809-a7dc-40e5-bfc8-c46ffd1bae7f,86191cf6-94df-48ca-912d-0e8bb93f86ab,519f7e20-093f-4cd3-8f7d-864650019f02,At molestias officiis sequi aut tempora dolorum.,2025-02-22 23:42:25,4
c8e0a97b-c8e3-448c-89ff-597b69af9538,357f6687-5a2d-4ab5-8e58-a92d8fc23e4a,519f7e20-093f-4cd3-8f7d-864650019f02,Doloribus illo libero dolorem.,2022-09-24 06:52:45,1
7af10c3a-ad3a-40e1-9271-e435c66b0908,982ab8b2-d13a-41a8-b57f-5500277a88c2,519f7e20-093f-4cd3-8f7d-864650019f02,Nobis ipsum voluptas quasi quaerat eos mollitia.,2024-04-09 09:15:26,4
0d152c72-a5a1-45a9-bf46-efa62a07b7a7,c497369f-75f6-44a7-b61d-4015cce3ed76,519f7e20-093f-4cd3-8f7d-864650019f02,Praesentium cum labore unde deserunt explicabo.,2021-01-06 07:41:30,1
cedbf11f-9233-455d-bdf3-434a13c78fa7,08782455-4d25-4d3f-af74-ad3e4e879476,519f7e20-093f-4cd3-8f7d-864650019f02,Tempore sint qui vero quis laborum rem.,2023-12-01 17:40:18,1
600e16a3-ec8f-4977-9b91-1edbe5d2816e,f438cc93-cff4-465b-98c3-c614cf9a26d3,519f7e20-093f-4cd3-8f7d-864650019f02,Nulla adipisci commodi sed veniam assumenda quae.,2022-02-01 00:20:08,3
f939707c-3d1a-409b-bbda-817be7b274b6,d93c2949-0687-46ce-b3c5-fe1cd3878fa9,519f7e20-093f-4cd3-8f7d-864650019f02,Error cupiditate hic earum quis.,2020-06-19 15:27:11,4
5a22273b-7857-4a77-8822-dfee4f2f8842,b0ef8135-da12-4cbe-a936-1afb999ce524,519f7e20-093f-4cd3-8f7d-864650019f02,Quis nostrum quae sed.,2021-07-14 15:06:08,1
0fb03f94-cfe2-47d7-bb7e-8c2e6131884d,1c91f774-3923-467d-9aef-10d93557520f,519f7e20-093f-4cd3-8f7d-864650019f02,Sint animi eaque tenetur.,2020-05-06 10:54:15,5
755f05d6-b3d3-4776-9989-21761c0993cf,83ba310d-7589-4b76-96be-503c345ab539,519f7e20-093f-4cd3-8f7d-864650019f02,Ex aliquam deleniti dignissimos suscipit.,2025-04-02 22:11:53,1
361853d0-93e0-467a-8a6b-7e8487f4f3f7,935d5314-405a-448f-8084-53a7c5af1bd9,519f7e20-093f-4cd3-8f7d-864650019f02,Similique ratione a necessitatibus ab recusandae.,2024-01-03 17:37:48,5
6f3f027d-2c40-4686-b958-ebf5c2ffedce,880e3c87-4f8c-4750-9ab5-09349108497a,519f7e20-093f-4cd3-8f7d-864650019f02,Dolorum ipsam labore dicta illum maiores.,2023-12-12 13:50:57,2
abe28eb9-54f2-47c2-b334-668e41b8016c,699b767f-6128-426b-b891-bb3c590d273c,519f7e20-093f-4cd3-8f7d-864650019f02,Molestiae corrupti maxime.,2025-02-23 04:46:38,5
af2aae3f-f3bc-4928-aa15-57f302443fbd,7625ba4e-a3c8-475d-8f12-62f731e00de2,519f7e20-093f-4cd3-8f7d-864650019f02,Beatae fuga sunt repellendus.,2023-10-16 23:18:59,2
76d9e8f4-63bb-42ef-8cbe-690d5d71f621,6be9d16a-99fd-40ff-b840-f16f92ea8d46,519f7e20-093f-4cd3-8f7d-864650019f02,Quisquam quae porro at dolores provident esse.,2023-12-28 20:50:55,5
bf7542a3-a62b-462e-a1de-443b64a4bb3a,f0dc5080-1372-4f91-94c1-ca09425d4f47,519f7e20-093f-4cd3-8f7d-864650019f02,Nisi error error ratione exercitationem qui ad.,2020-05-11 06:09:41,5
a6c8cdfd-8292-4d6c-8295-920d43ed8e79,26acec9f-158c-4b21-aaa2-41f70aa943d6,519f7e20-093f-4cd3-8f7d-864650019f02,Porro sit numquam odio eius suscipit placeat.,2025-02-01 16:27:42,4
d1564909-f1da-40f0-8236-a9fed92056ab,f65b5a2f-ac30-40ee-a547-d95df83d742f,519f7e20-093f-4cd3-8f7d-864650019f02,Eos itaque illo debitis. Esse minus saepe odio.,2024-03-14 00:33:04,2
f9d8faff-02cb-40e4-aaee-cb53189e7c69,aeec1d49-04fa-4d32-99e5-be496058d7b8,519f7e20-093f-4cd3-8f7d-864650019f02,Veritatis asperiores tempora blanditiis.,2022-07-18 15:35:13,1
79ff33d7-5b68-4190-8337-135a8ff170cd,4783ab4a-fe50-4cb5-8ef2-4cf2b2c2a98e,519f7e20-093f-4cd3-8f7d-864650019f02,Voluptates at eius vel impedit aut facilis velit.,2023-09-30 17:06:14,1
68013c2b-8fcd-475a-8228-6cee025f39f5,e2885568-0b73-49c2-b676-01685500053b,519f7e20-093f-4cd3-8f7d-864650019f02,Pariatur nisi culpa ut. Et deserunt alias.,2020-07-24 17:16:08,2
4032c373-4e4f-41e7-a97e-702ecd433e3d,2c284a83-d80a-4dd3-834c-2190d8a1baa4,519f7e20-093f-4cd3-8f7d-864650019f02,A quae eius sunt aliquam earum officia.,2022-01-23 12:40:49,3
fde06974-0f7d-4e69-b07c-d60f969f1b3c,bf3094d4-352d-4b62-bd65-1810301d7607,519f7e20-093f-4cd3-8f7d-864650019f02,Eius accusamus ipsum possimus. Harum nam veniam.,2021-06-06 19:49:23,3
b74ddd18-1f12-46fd-8ed1-27f42be883db,1807deb9-7e39-4ee8-963c-5645b41bc0ca,519f7e20-093f-4cd3-8f7d-864650019f02,Repudiandae quasi non quibusdam ipsam et.,2023-04-23 22:52:38,3
f9d5f717-4a68-4740-8811-3ef246ff3bdb,a65d77b5-fb9c-4e8f-9f23-a2202c617502,519f7e20-093f-4cd3-8f7d-864650019f02,Esse fuga ipsum. Cupiditate nemo ad maiores nemo.,2025-03-20 04:16:14,1
7641c618-0f7c-4cb9-96bf-d13f84c9ed79,1e65d2a9-a2c3-4d2d-b883-a5c701a92fe9,519f7e20-093f-4cd3-8f7d-864650019f02,Quibusdam iusto nemo mollitia animi.,2022-04-01 01:16:53,5
b8e252bd-bf62-44ba-a4e2-caa23f9d0ba0,dad9ce43-98d5-466c-8dcc-8ab72aca01b7,519f7e20-093f-4cd3-8f7d-864650019f02,Porro tempore exercitationem ab.,2021-05-25 20:30:01,4
0a0c50d4-f6fd-4725-ad38-eca87ca4d0bc,d0ac7ea0-26f1-4e33-84f2-050281b07e95,519f7e20-093f-4cd3-8f7d-864650019f02,Possimus exercitationem nulla.,2023-06-01 21:32:27,5
d089ebff-24c0-4469-bb76-d7030371705c,247813a1-3d17-476a-aeb6-dc8bf5f72153,519f7e20-093f-4cd3-8f7d-864650019f02,Iure commodi unde itaque.,2024-02-17 23:05:25,4
8bc0f0de-ad25-48aa-8246-8509ed67f9ea,7d88c2e9-dbdb-43a1-a24e-de10dfb0be1f,519f7e20-093f-4cd3-8f7d-864650019f02,Vel recusandae repellat odit perferendis.,2020-06-25 11:09:07,2
c46586c8-b582-4886-883a-6433898936ae,93be5cc3-a39a-47e1-869f-a21a69242f3c,519f7e20-093f-4cd3-8f7d-864650019f02,Ipsum quam reprehenderit illum.,2022-05-05 10:59:41,1
52864c9d-c7a1-46fd-ad85-4e58b057f7a9,3ea55a62-34be-4941-bc3d-825d3a446b9b,519f7e20-093f-4cd3-8f7d-864650019f02,Perferendis rem nam ab beatae rem dolores beatae.,2022-08-08 15:02:56,2
28195aa9-2ef1-4f5a-89a3-b44b4531addb,9f8f0370-cc33-49cb-8deb-600c8447c9fc,519f7e20-093f-4cd3-8f7d-864650019f02,Magnam incidunt laboriosam ab.,2023-10-11 10:04:18,1
5f314f14-f6cf-4227-b5eb-46271b4b150c,d584819a-13a8-40b1-835a-4ba55cefd332,519f7e20-093f-4cd3-8f7d-864650019f02,Voluptatem iusto sapiente hic.,2024-10-19 03:14:03,5
968f4f43-e20b-4b79-afe1-01b7458723c7,06d92948-4cec-4650-afa6-fe1c81a7e2e8,519f7e20-093f-4cd3-8f7d-864650019f02,Amet minus assumenda maxime neque quae.,2020-08-30 08:34:52,3
71bc8f19-ee65-410d-809e-3afd17a02e0b,fa41ab0d-e953-4c5f-9bec-0d4882f513ef,519f7e20-093f-4cd3-8f7d-864650019f02,Consequuntur reprehenderit aspernatur.,2023-02-28 07:46:02,3
99b84c96-ab90-4ecb-bd7f-f7c9580c3aca,287b622f-7ff9-4879-b379-75697d451ae9,519f7e20-093f-4cd3-8f7d-864650019f02,Soluta id tempore dolore reiciendis error nisi.,2024-01-30 22:42:11,5
35192211-26a2-464a-b751-400a45661b80,55593147-da59-4cc1-8788-15985127df13,519f7e20-093f-4cd3-8f7d-864650019f02,Incidunt ex fugit perferendis.,2021-11-25 18:30:16,1
ad740c42-ccc4-42f1-ad7f-933f4e128e9d,cdea9fcb-136f-4134-be2c-bd7729a3cd65,519f7e20-093f-4cd3-8f7d-864650019f02,Laudantium quidem cum culpa non.,2021-01-16 15:52:10,1
95a2696b-1bf7-4fde-9ad2-53f5b3bcc22e,c383011f-915d-40a0-abac-f27f4cc2e6db,519f7e20-093f-4cd3-8f7d-864650019f02,Labore deleniti a exercitationem voluptates.,2025-03-13 03:58:26,2
ccf80f6e-4edf-4e05-89c1-61e4bb264582,ae505900-b639-484e-a19c-614443f5c341,519f7e20-093f-4cd3-8f7d-864650019f02,Odio hic ab harum tenetur perferendis.,2020-12-23 02:57:24,2
e00851fc-41d2-4738-835c-2c0faf244682,feb6e5d0-af58-4656-bf75-7e0790a960d3,519f7e20-093f-4cd3-8f7d-864650019f02,Maxime vitae corrupti labore excepturi eius illo.,2022-05-13 03:07:38,3
09f16c76-f055-4ccd-9bbd-878abd019630,c6d9cf4b-413e-4b5c-870e-39aafafc7881,519f7e20-093f-4cd3-8f7d-864650019f02,Labore architecto quo iste molestiae illo iste.,2021-05-27 21:07:28,2
2be52c24-8d04-4f22-bd5a-22bfe4f93b58,fc11ddfa-e32c-4352-900a-9320a0518ed1,519f7e20-093f-4cd3-8f7d-864650019f02,Consectetur sint excepturi modi minima soluta.,2020-06-29 11:04:48,4
7810f086-d9b7-4cb1-af99-6cae791483be,0ae1e3d5-6162-4c5b-8797-200786c777f4,519f7e20-093f-4cd3-8f7d-864650019f02,Voluptatibus ipsam itaque.,2024-07-13 08:35:48,5
cad202f4-ed55-4ab1-b590-0a86bdfb95bf,51e2f455-6280-427a-8014-a00676e39859,519f7e20-093f-4cd3-8f7d-864650019f02,Ut eveniet ea maxime recusandae aperiam nulla.,2023-11-06 00:14:11,4
73053830-daee-4b70-95de-1e43f5f490b4,a791a9fb-f70f-495d-adf2-fb71fec667b1,519f7e20-093f-4cd3-8f7d-864650019f02,Fugit modi iusto consequatur laudantium.,2024-07-24 17:29:40,5
a2584a32-ac15-404c-8f84-00f2fad7b18b,774e16da-4132-4010-bcbe-44fda4214221,519f7e20-093f-4cd3-8f7d-864650019f02,Quisquam error ab blanditiis omnis accusamus.,2025-01-16 10:19:26,4
b5f0dc54-3ed1-4109-a55c-83e21e9933f7,5833e222-95ff-45bd-8985-99ac789f5acc,519f7e20-093f-4cd3-8f7d-864650019f02,Corporis corporis sit aperiam nihil ipsum.,2024-11-07 19:58:21,4
bdef6ace-0dea-4fc0-92df-dea5ccfd3518,73fd9f32-860d-4f56-a2c5-3db1d2e79fee,519f7e20-093f-4cd3-8f7d-864650019f02,Fuga rem quaerat veritatis illum id ullam.,2023-12-25 00:09:46,5
bdd8dc66-7407-485f-bb67-1eca7ce9ab9a,96d0d4b6-c5ea-4da3-a01b-b114ed76edc4,519f7e20-093f-4cd3-8f7d-864650019f02,Vel nesciunt enim doloribus dignissimos.,2020-07-22 17:33:53,4
1ee6864e-477b-4831-b1c4-b6b03c41b489,b8aa6f2a-1e23-4e27-b99d-6adee9ccff40,519f7e20-093f-4cd3-8f7d-864650019f02,Perspiciatis hic possimus.,2021-11-18 02:09:59,5
171e0cfa-9b7a-467d-af94-c0f67587df5d,a8c6b7ba-961e-41ac-85fd-826354943e99,519f7e20-093f-4cd3-8f7d-864650019f02,Facilis nostrum occaecati tempore ipsam veniam.,2024-01-21 03:08:47,3
a09e6331-6d1d-4da3-88d7-6c2b31f76074,e773a093-97fa-49ad-85d9-5fa5e190bf94,519f7e20-093f-4cd3-8f7d-864650019f02,Tempora odio reprehenderit debitis.,2022-12-14 18:26:38,1
8d7873d1-4e77-4570-977e-35698c298367,19d383b9-af73-436d-9269-4416ef4301a7,519f7e20-093f-4cd3-8f7d-864650019f02,Est dolorum mollitia est tenetur nemo.,2022-12-12 05:49:21,2
c6408d05-273a-4577-b210-c405908d0662,12cd1af5-88eb-41d6-80a5-fa9f6754d001,519f7e20-093f-4cd3-8f7d-864650019f02,Repudiandae ipsum accusamus rerum.,2023-12-09 16:15:06,5
3ba5b1fb-4c2c-4e10-a899-5cddfaa5238f,0ad23668-4033-431d-8c86-bdf4b5f7bbf2,519f7e20-093f-4cd3-8f7d-864650019f02,Quasi earum id quas maxime facere unde placeat.,2022-09-21 02:19:16,2
35fa2eab-d826-4148-8e90-597230f8b398,839d1016-df8a-4572-a8a0-a88a138d5b4d,519f7e20-093f-4cd3-8f7d-864650019f02,Eligendi ratione dignissimos.,2021-01-09 17:16:48,5
a41d6bb7-57c5-45c4-8056-35c19d793ea1,e40d7e5d-e502-4e21-926a-344bb97371bc,519f7e20-093f-4cd3-8f7d-864650019f02,Eos dignissimos aliquam.,2020-10-15 22:37:43,3
10cb8016-498a-4a10-b8eb-a90ea3369444,b1473855-e046-43e6-a93c-c000d4c9a04b,519f7e20-093f-4cd3-8f7d-864650019f02,Cum quam consequatur.,2022-04-02 00:07:09,2
fc4fcade-0569-4137-9714-46757a990617,3d97d87a-8e45-409c-ada6-e5b69b6ea264,519f7e20-093f-4cd3-8f7d-864650019f02,Fuga voluptate dolorum amet.,2021-07-13 23:36:08,5
22965f12-b44c-49a0-9537-30c953d3a771,f1388d97-2ce8-4b4c-83ee-472618ffb45d,519f7e20-093f-4cd3-8f7d-864650019f02,Accusantium pariatur eligendi.,2022-04-13 06:01:21,4
f18f45a0-00d4-4f80-a7e0-ab2dc424b41b,38cafed7-3426-4cf5-9a3a-a864dea1e221,519f7e20-093f-4cd3-8f7d-864650019f02,Sit expedita recusandae.,2024-05-12 03:56:17,5
44aa05b3-01d1-4a1a-a6cf-56a3d935f5ec,136f8d0c-399d-4f5a-8b98-822d3007cebc,519f7e20-093f-4cd3-8f7d-864650019f02,Et consectetur id tempora praesentium.,2022-08-08 19:38:07,1
48b93544-c549-42a0-b269-e9430e66cab8,d45eb6fa-0e98-4fb8-a4a7-6ac35440a5ac,519f7e20-093f-4cd3-8f7d-864650019f02,At tempora provident error nihil ad molestias.,2020-10-10 00:55:33,2
493a7e12-7d36-4526-a278-5c9f02f705fe,cef05dd6-40ef-4549-80ff-494919fb4389,519f7e20-093f-4cd3-8f7d-864650019f02,Eum beatae ab consequatur.,2021-09-23 01:08:21,2
a672ae73-c203-4317-93d6-baefaebe1c37,1bf8360e-6fb5-4b86-bc55-ac6ac296a69b,519f7e20-093f-4cd3-8f7d-864650019f02,Fuga expedita officia illum.,2023-12-31 08:08:53,2
1da5d528-d2f2-43dc-be5f-d72040a04528,1581f285-4e2c-49be-9e0f-d1deae950e2d,519f7e20-093f-4cd3-8f7d-864650019f02,Vero eligendi reiciendis eveniet eveniet.,2021-03-20 08:55:19,5
3155caa0-e7df-4646-b359-2801c5088483,8843a93a-d60d-4a11-aa5a-e7d445ff9f88,519f7e20-093f-4cd3-8f7d-864650019f02,Alias fugiat deleniti porro ut qui.,2023-03-20 00:37:21,1
db4a0678-3674-410c-bb31-005af6868175,62f57eaf-9048-47f7-bd1d-50484e619932,519f7e20-093f-4cd3-8f7d-864650019f02,Vel magnam veritatis quod.,2020-07-06 21:26:49,5
42aab31b-53d9-420f-8e5f-f3c980133e79,291ff90f-f0ee-4ea1-9f48-4facdfc660fe,519f7e20-093f-4cd3-8f7d-864650019f02,Iure reprehenderit neque amet deleniti.,2021-10-27 17:53:56,2
6894a682-39af-43ab-928e-61212aec536d,63b51252-5f5d-4255-8036-f61ad4d41dbd,519f7e20-093f-4cd3-8f7d-864650019f02,Enim animi et libero mollitia vero.,2025-01-11 20:57:20,4
ec086fc2-1315-462c-aa29-d76d364707dc,5daa74d1-37bd-4f38-bb72-6760acfc6498,519f7e20-093f-4cd3-8f7d-864650019f02,Ea nesciunt quisquam saepe.,2025-03-25 11:42:13,4
470f6f5b-6e33-4ec5-8327-581c9dd4e859,1c81f721-3e91-4ae2-bbc8-fee9c0357e7a,519f7e20-093f-4cd3-8f7d-864650019f02,Animi perferendis voluptatem a.,2022-04-05 20:14:06,3
4aedba90-2747-47a4-a3b8-ba35f1ff66c7,d683f285-7a3d-433c-9014-dbd864684944,519f7e20-093f-4cd3-8f7d-864650019f02,Consequatur quo soluta enim accusantium sequi.,2020-03-25 00:17:19,4
c1f08399-8443-4f79-90db-7c54ba2ee5e5,7e317fc4-8e91-4bbe-8f10-e40535ae2236,519f7e20-093f-4cd3-8f7d-864650019f02,Sint dolorem dolorem esse ab iusto.,2020-11-15 21:46:06,5
44c1e154-596f-4889-ad15-24bad2bdb698,75e1abfc-bfe3-4072-8961-0491f6d57e7b,519f7e20-093f-4cd3-8f7d-864650019f02,Voluptate rem omnis. Eos veniam recusandae.,2020-10-13 07:16:42,5
ef4f0986-8287-42bb-8a67-a34233a24e41,e8c1a6ab-a847-4004-852c-6ce967ae31d9,519f7e20-093f-4cd3-8f7d-864650019f02,Illum laboriosam blanditiis.,2020-06-03 05:26:33,1
d100bab7-77d4-43ce-a19c-a2ec00dd995c,16a2da91-4993-411a-91bd-8874a202cb17,519f7e20-093f-4cd3-8f7d-864650019f02,Accusantium fuga maxime nostrum.,2024-09-01 08:00:12,2
eacfce0b-c0fb-4d2c-a713-8d03dab0f004,e406c874-9974-4d82-8931-70ccde966623,519f7e20-093f-4cd3-8f7d-864650019f02,Porro blanditiis sapiente rem beatae vel dolorum.,2021-09-08 11:24:44,2
1be40832-98d6-401f-9e2b-a467381d240a,a6e31448-f97a-4778-9a80-fe442c0e63ec,519f7e20-093f-4cd3-8f7d-864650019f02,Accusantium ipsum libero quod minima.,2020-03-10 17:13:06,1
f06314ce-07a6-476f-8f17-e384c4772b14,f533756d-1fca-4fa8-add6-24d4b21da442,519f7e20-093f-4cd3-8f7d-864650019f02,Occaecati facere vel aliquid quo.,2020-03-01 12:29:00,4
c8d1866b-477c-43d4-9653-ffd9708a1519,f5d62b20-dc9c-499f-b49f-12ef9f549488,519f7e20-093f-4cd3-8f7d-864650019f02,Distinctio beatae accusamus quibusdam.,2021-01-24 15:07:50,1
1696e4fa-f11b-4d52-8597-cdac32d17e30,f9d94e9f-f318-429c-b862-828bb660b368,519f7e20-093f-4cd3-8f7d-864650019f02,Minima quaerat veniam nesciunt fugiat.,2024-07-05 20:48:47,4
d275d2bc-69ba-4ade-9be0-a9aa8f5b4976,02fa1578-b0bf-4579-8332-fa7c764436ad,519f7e20-093f-4cd3-8f7d-864650019f02,Aspernatur voluptatum commodi facilis eius.,2022-11-04 03:19:18,5
e6a3bdc1-5b68-4817-8abb-0730bd317932,45d0f238-f771-4a30-ad2f-a6941a75a209,519f7e20-093f-4cd3-8f7d-864650019f02,Ipsum non neque hic repellat.,2022-11-07 17:39:25,2
225e035a-651e-4ade-a33d-6a9488753b31,4d4bd11e-8436-4a6c-8408-e37accf9b217,519f7e20-093f-4cd3-8f7d-864650019f02,Velit repellat molestiae aut molestiae.,2024-02-10 18:10:08,2
1f1d6e89-9af9-4676-87f3-fd3463057b5c,57570af5-24f5-4bae-96a4-75d90543ed44,519f7e20-093f-4cd3-8f7d-864650019f02,Ad nihil tenetur autem dolorem veritatis nostrum.,2022-07-25 14:18:35,2
e4efb1d3-25fe-4be5-881e-ce7ad2f75d4f,5e4236c4-807b-4064-bb5d-f94be9ddd2ae,519f7e20-093f-4cd3-8f7d-864650019f02,Necessitatibus voluptate perferendis.,2024-01-16 21:38:55,2
0d8cd110-a0e0-4c17-a25b-44d9739eebe4,4857469f-f4ab-45d0-bcca-31ff9ca7e5f7,519f7e20-093f-4cd3-8f7d-864650019f02,Id similique a accusamus excepturi.,2023-12-21 22:29:17,2
be2fae3c-600b-486e-a629-da7945ce375d,503fea3a-9f8b-48ee-b824-73cb5df4074c,519f7e20-093f-4cd3-8f7d-864650019f02,Illum vero iure nisi vitae nobis ratione.,2023-03-31 01:34:39,4
0b3fe912-89cf-4891-93cb-6869895f209f,fe37612d-12e8-4374-ac94-0dcb325c1166,519f7e20-093f-4cd3-8f7d-864650019f02,Repellat facere molestias incidunt.,2024-02-13 03:13:48,5
09bc8564-32e5-4ddc-97f5-f3eceaba799f,42cb2fdd-0132-489c-ba06-54b4672b2a63,519f7e20-093f-4cd3-8f7d-864650019f02,Fugiat rerum quis eius. Ut natus sint ab ratione.,2025-04-07 22:50:02,2
4e78689c-9bd6-4411-8721-31a0c4f9209e,61a9a661-0607-4272-9ff9-9b343aebd7c5,519f7e20-093f-4cd3-8f7d-864650019f02,Vero ratione nam a culpa.,2023-12-29 21:37:48,3
9b19fc14-0ec8-49ae-8d18-d59571659abb,f2885949-3f10-4f03-9f2c-6a19171ef575,519f7e20-093f-4cd3-8f7d-864650019f02,Earum assumenda maxime aperiam.,2023-07-30 03:36:05,3
375c4441-6e18-41a7-8922-b456952a906c,231dfdd7-7ecb-4697-b3f1-5d89c9dfb4b3,519f7e20-093f-4cd3-8f7d-864650019f02,Quo vel pariatur quam temporibus deserunt.,2022-09-30 01:05:37,2
58e1a448-c4a6-4df1-91aa-348ba1184dc8,fac67af2-9055-4b4f-9d82-98625811940e,519f7e20-093f-4cd3-8f7d-864650019f02,Qui quisquam hic numquam assumenda ullam nemo.,2021-12-20 00:18:35,4
08f2336d-de5f-446f-b38a-4c8266b227ee,631e6dc5-6434-408e-b8bf-e62247569b89,519f7e20-093f-4cd3-8f7d-864650019f02,Mollitia ea autem reprehenderit necessitatibus.,2024-10-02 14:57:45,4
d17bb94e-2522-46ca-bede-8606e89884f7,ccdeb79e-a936-4d6e-b8d8-82e5b42c59b2,519f7e20-093f-4cd3-8f7d-864650019f02,Nam maxime tempora.,2023-09-13 09:40:47,1
dcee2b01-6e25-46f3-b957-fce3d43265ff,b057e755-8822-4d10-9006-5ef648f3867f,519f7e20-093f-4cd3-8f7d-864650019f02,Adipisci explicabo sequi placeat id.,2024-01-22 16:56:24,4
b5af0955-3da9-4378-8066-5143b1b5dc09,0606167e-859c-4db9-b259-1a1a94eb065c,519f7e20-093f-4cd3-8f7d-864650019f02,Ut velit alias.,2022-01-17 22:46:07,1
e7919945-3bf9-474c-a1fa-4f12894556ba,662b86b9-523e-4ee9-9a65-46303a36b064,519f7e20-093f-4cd3-8f7d-864650019f02,Commodi dolores in officiis ipsam beatae.,2020-03-25 22:27:44,5
c4241ef7-fcd8-484c-a8d7-8c8b520541c1,997bd0a9-7e74-46a6-866d-c93ab90bd1c3,519f7e20-093f-4cd3-8f7d-864650019f02,Laudantium fugit ex qui. Et optio consectetur.,2024-01-29 13:52:57,4
619745b4-74f0-450d-aaec-74d19bf30b92,1af469d2-4aad-4e75-b1f0-6cd6775eaeec,519f7e20-093f-4cd3-8f7d-864650019f02,Quasi est sit perferendis in.,2021-06-29 11:07:21,2
9563c284-33fc-4fc3-8801-e272d906cfbf,a3551d84-51f5-4c7d-9b17-2a0acea0e324,519f7e20-093f-4cd3-8f7d-864650019f02,Corporis placeat officia qui.,2020-11-16 19:40:04,3
5e93985b-0ddd-4fe3-8296-9671710aee60,d6194065-36fe-4853-b43e-2f8067da3bb1,519f7e20-093f-4cd3-8f7d-864650019f02,Sint perspiciatis magnam et est saepe.,2021-07-17 02:16:08,3
67ded0aa-a3a7-4d65-a76e-174932645217,17b59550-e06c-463c-94de-2f2f4f6a7b68,519f7e20-093f-4cd3-8f7d-864650019f02,Non quaerat soluta occaecati.,2025-02-22 09:32:48,2
d5d88752-f0b0-48c4-b639-96e57e736277,5d30b982-14af-44f9-a1bc-ebddd849fc7c,519f7e20-093f-4cd3-8f7d-864650019f02,Quas voluptatibus molestias.,2021-01-01 05:48:53,2
f24ce550-60a0-4356-9b93-6168b418cbe9,2be85873-10fa-44e7-9fa8-2f68b9930411,519f7e20-093f-4cd3-8f7d-864650019f02,Ipsam accusamus ipsa dicta.,2024-08-19 22:31:34,4
d788f7a1-4b28-404f-9fc3-e839522fd0f4,56eba2a2-8adf-459d-ba7c-51f152bcd575,519f7e20-093f-4cd3-8f7d-864650019f02,Aliquid ducimus quibusdam minima.,2021-06-17 11:30:51,1
2bcdd89a-b4be-456a-a728-5f869dea09fb,a1377df5-a3ed-4468-a3df-eae1531f0659,519f7e20-093f-4cd3-8f7d-864650019f02,Ea eos fugit rerum.,2020-11-28 14:01:18,3
cd3d3abd-a65d-4203-bea8-85851a173c2d,0742948e-e361-43fb-a4c9-206e97b7aa16,519f7e20-093f-4cd3-8f7d-864650019f02,Eius nemo blanditiis optio illo voluptatibus.,2022-11-21 07:21:36,1
de6c6202-0756-4664-ae18-5a4fd5116ac1,0b3128ac-5e17-4076-8c6c-e7dde192bebc,519f7e20-093f-4cd3-8f7d-864650019f02,Ab cupiditate quos qui reiciendis.,2022-09-26 11:57:10,3
6e22150d-a608-4023-9bbb-4651ade45dd1,518d3444-d1d9-42b5-9323-b7fc1b74ec67,519f7e20-093f-4cd3-8f7d-864650019f02,Accusamus ut rerum quo voluptate.,2020-08-27 18:11:32,4
f4056f91-722a-4f30-a88c-10eea92d3094,252ea99b-0cdf-4a33-b5cd-9a43d36d71e2,519f7e20-093f-4cd3-8f7d-864650019f02,Tempore exercitationem non facilis at.,2021-02-15 02:01:52,1
9d493a4e-3451-4a5f-bee3-9523e33c3953,f32f1745-1084-4a96-a2a4-3a077a54919d,519f7e20-093f-4cd3-8f7d-864650019f02,Voluptas numquam sed porro magnam ipsam.,2020-04-09 19:29:20,4
48c5aa1f-295d-437c-a9a0-d5961bce3ae9,8e14a137-11a4-4eb3-a6a4-98451769193a,519f7e20-093f-4cd3-8f7d-864650019f02,Fugiat ipsam ad similique.,2022-01-01 07:14:26,3
617b4280-4a00-4573-b15f-fe9c3807d5d2,4e5be641-dae0-4347-bc2f-453967a0fca9,519f7e20-093f-4cd3-8f7d-864650019f02,Consectetur veniam sint autem soluta quod cumque.,2021-08-01 03:55:03,5
859bc4f8-d23d-444e-be8e-d1842c50e3dd,08c96dbb-664e-473c-8a3a-cc98c2dbc015,519f7e20-093f-4cd3-8f7d-864650019f02,Est libero at beatae libero.,2025-03-01 10:54:06,4
8cf37bf1-fe66-4d52-986b-abcc3e26a6ef,8933241a-f5dc-479b-b6b3-90918ea7ee5e,519f7e20-093f-4cd3-8f7d-864650019f02,Alias ab reiciendis velit.,2022-09-08 10:47:36,4
e7a077af-0bed-4f40-ab9e-2c114277c473,7607c24e-7e2c-40c7-b29c-613e16ab87a3,519f7e20-093f-4cd3-8f7d-864650019f02,Quis maiores cupiditate.,2022-03-05 09:43:03,1
84f858dc-2e37-4cf4-b97a-f4130c496713,74cf3e53-0fc8-4ae0-bdb0-2affe57d1e4a,519f7e20-093f-4cd3-8f7d-864650019f02,Commodi expedita sapiente harum dignissimos.,2022-01-27 23:52:23,3
e9719267-9e43-41d6-9682-eac72eee9e08,e3a5fcc8-3fd3-44ed-aa3f-88cef3c875e2,519f7e20-093f-4cd3-8f7d-864650019f02,Quis dolorum maxime nemo ducimus dicta.,2022-08-21 01:52:07,5
dbdd5c79-fa20-4312-9fcd-0ed7fb621149,8006d732-8f7e-4803-a6c9-7cad5e3c62e7,519f7e20-093f-4cd3-8f7d-864650019f02,Asperiores doloribus minima.,2021-10-30 19:33:20,2
3e530979-5dd0-4db2-a691-98357feea6d9,6342853a-f5ba-443e-a370-b760e8028114,519f7e20-093f-4cd3-8f7d-864650019f02,Repudiandae veritatis cum illo.,2024-11-02 22:17:35,5
d83309a6-d30e-44b7-8821-d950c8c79210,6a5a6d23-f7c0-4b04-a510-d9b810c61c48,519f7e20-093f-4cd3-8f7d-864650019f02,Natus voluptatem est nesciunt quasi.,2020-12-15 22:03:27,1
c3f9dfd2-a191-40c4-98c6-1b25cc93ddee,be82fe37-6ddd-4b6b-9cf5-1f5843f50e35,519f7e20-093f-4cd3-8f7d-864650019f02,Voluptatem eligendi dolores unde magnam.,2023-01-13 00:00:42,1
92eb50a2-8f38-4113-93a3-728c69884366,64ac4b73-0cc9-4413-996a-8a21fe1fc536,519f7e20-093f-4cd3-8f7d-864650019f02,Nam non at quod odio fugiat.,2025-02-14 18:01:15,4
e0af1d46-0b40-4b7d-8b5c-b45a683b39a0,f1521ce3-c64c-493a-9ee2-c49d97639d09,519f7e20-093f-4cd3-8f7d-864650019f02,Pariatur nesciunt nostrum necessitatibus id.,2024-05-20 02:32:02,4
ac7fa064-19a4-4eb0-9612-6446a87cca0f,858837a8-990e-4a0b-b55a-190893e24d7a,519f7e20-093f-4cd3-8f7d-864650019f02,Iure suscipit occaecati aliquam.,2021-06-25 04:11:05,5
d2642652-16e7-4440-937a-e8a521e9c72f,f5fb78c9-4f2e-4aa5-9996-f1b6e1a83d01,519f7e20-093f-4cd3-8f7d-864650019f02,Nam ex exercitationem et.,2020-06-23 01:21:20,4
3273e158-12b5-46ad-9425-407fa5d61c51,665003ff-a32e-4245-b0e7-ba5d0b577825,519f7e20-093f-4cd3-8f7d-864650019f02,Inventore distinctio sequi ratione in facilis.,2020-07-10 13:09:02,3
e828ffab-89bc-41fd-852e-e41293d2e182,b7540428-ab50-4361-9406-c8fa7f6bc55c,519f7e20-093f-4cd3-8f7d-864650019f02,Eos pariatur ab repellat illum numquam eaque.,2021-01-15 19:34:09,2
a58c8451-539e-4b3b-a1a6-1ca3be0a8508,476edf02-cbe5-4ba8-af8f-4ff21e9b9e65,519f7e20-093f-4cd3-8f7d-864650019f02,Autem facere pariatur cumque autem sit.,2022-02-02 20:55:04,1
8e8dd9f3-7ae9-4acc-81d8-b2762b39c708,718a0bcc-dd8a-49bb-883a-e006ea85a280,519f7e20-093f-4cd3-8f7d-864650019f02,Eum rem cum dignissimos repellendus unde beatae.,2022-09-25 12:41:45,5
1a03c114-8057-4540-9804-52044fbd5cd7,11cbc481-9191-4022-abbe-232bd45e531c,519f7e20-093f-4cd3-8f7d-864650019f02,Quam alias minima.,2020-04-13 11:37:41,5
eec7cece-a331-4bd5-ae87-64121d5096ca,0974f28f-0fd8-416c-ae2e-dd31a3b02dd1,519f7e20-093f-4cd3-8f7d-864650019f02,Similique id accusantium possimus.,2022-04-13 00:29:03,5
f11cb903-9e3f-4131-b5f8-8741d0742bb1,8f22bd11-b1d0-41ed-bee9-c2dd559b591b,519f7e20-093f-4cd3-8f7d-864650019f02,Cum modi quaerat odit aut dignissimos vero alias.,2022-11-07 08:41:29,3
9c5d0177-6195-4c73-a3df-f27a750577fe,b9fff876-d01c-4fef-bd4d-c4b984dfc9d2,519f7e20-093f-4cd3-8f7d-864650019f02,Eius odit dignissimos nemo molestiae illum.,2020-04-29 23:34:49,2
9c46f9d6-5e24-418a-b50a-8b95ac7b8870,57dff75e-68eb-4722-a2fc-60314c84217a,519f7e20-093f-4cd3-8f7d-864650019f02,Accusamus exercitationem quod debitis nihil.,2021-07-25 17:02:55,4
a9fd481e-2248-4269-b151-34c18939c79e,3803f2f2-ba3f-4de7-a7d8-edf1e03eeb13,519f7e20-093f-4cd3-8f7d-864650019f02,Est magnam illum cupiditate occaecati.,2023-08-09 15:43:13,4
2aa6e90a-d966-4848-967c-2d368a1052ae,d60ff24c-ee37-4afb-998b-56defbe0c8e8,519f7e20-093f-4cd3-8f7d-864650019f02,Mollitia iusto voluptate similique sint.,2023-09-05 05:39:35,5
cbf2a33f-b726-4b49-a085-cfac0cbc5282,65e9b776-2381-4aff-ab88-164e4353ed2d,519f7e20-093f-4cd3-8f7d-864650019f02,Natus accusamus voluptates cum a.,2024-10-30 07:10:33,1
8a3558bf-136d-4f3f-8efa-43903fd001c2,e979e083-6dfc-47f7-a8ae-f6036db07553,519f7e20-093f-4cd3-8f7d-864650019f02,Necessitatibus error magnam dolores odit.,2024-02-06 22:26:53,4
1c7905e3-2cf4-4506-8db0-c547b9e3da59,9340ec19-0fa7-4594-b435-d38ceb2a15bf,519f7e20-093f-4cd3-8f7d-864650019f02,Vitae dignissimos harum qui quisquam adipisci.,2022-09-15 12:14:32,5
328da496-6528-4f0f-8287-c372f13ed858,a4efa55e-41dd-4c51-ac81-0509eaccfb70,519f7e20-093f-4cd3-8f7d-864650019f02,Nostrum illum asperiores modi nihil ut inventore.,2022-09-25 14:35:39,5
e65a8163-5417-4fe7-b9ab-07bde447fafd,1d5be080-1381-45f5-b3e8-86f9a50caeaf,519f7e20-093f-4cd3-8f7d-864650019f02,Sit dolorem deserunt.,2022-05-26 00:10:05,3
f4943071-9fd4-4cc1-9144-5af79be60188,177015c1-fba5-489f-95f7-dee7f7a1597e,519f7e20-093f-4cd3-8f7d-864650019f02,Laborum quos libero cum sit.,2022-07-04 00:42:44,4
2f02c4c2-1910-48b8-aa07-19a45130f79e,2cb56dc9-4cfc-42f8-b8ff-e507511f2048,519f7e20-093f-4cd3-8f7d-864650019f02,Facere explicabo dignissimos eum.,2020-09-29 07:06:44,3
66f1359c-3bce-459a-8d5b-b156c8bf4681,c5492bae-800d-486e-b0eb-9d1ee1045d07,519f7e20-093f-4cd3-8f7d-864650019f02,Quae nihil est et sunt. Neque quae magni commodi.,2021-05-20 11:54:42,2
ef3beac5-da81-4270-8e8e-dc899ee644f0,602926ba-3d1a-4856-aade-a19da7d21de6,519f7e20-093f-4cd3-8f7d-864650019f02,Blanditiis labore minus eius.,2020-07-22 09:13:19,2
a69691e6-4364-4c55-be76-1a4df3632cea,4293aa72-bf51-4576-8c21-45a3adba323c,519f7e20-093f-4cd3-8f7d-864650019f02,Molestias at itaque assumenda nisi.,2021-10-29 03:14:43,5
8f1b9acf-78f8-42e4-af1e-d56df2f95ae6,56a8b247-d1b6-480b-904b-eec1a4065d13,519f7e20-093f-4cd3-8f7d-864650019f02,Cum sit porro eos et.,2021-01-09 13:42:24,5
7ae9fb09-eed5-4777-b4a1-ff48c9102a2a,d80f50ca-9938-4b63-a9eb-b5d71df43e06,519f7e20-093f-4cd3-8f7d-864650019f02,Ducimus dolorum harum quae dolorem.,2023-11-15 17:53:33,2
dc3b4c7f-dfd0-4ecc-bfb9-ff030e91acbb,44d2fa49-b6a4-4f5e-a439-97c1d779d4ca,519f7e20-093f-4cd3-8f7d-864650019f02,Quibusdam nam accusantium dignissimos voluptate.,2020-06-15 06:16:53,1
97393c0c-d493-4435-a3e9-c5c80bf88aca,ffc0c2b7-9b0f-49f6-b302-79d552ebe9b2,519f7e20-093f-4cd3-8f7d-864650019f02,Possimus eos nesciunt ipsa optio.,2023-07-04 12:28:51,1
03adb5a5-a06b-42fc-abd1-f215795fac91,524b428e-3544-46da-ad3c-1a9c6c8f3707,519f7e20-093f-4cd3-8f7d-864650019f02,Sunt harum inventore architecto sequi.,2024-11-08 04:35:15,2
0c0f09a3-368e-4000-889f-51a1da5b35e4,f97e404c-c03f-47ea-93ac-c947f71bb862,519f7e20-093f-4cd3-8f7d-864650019f02,Ducimus eum ipsum molestias ipsum.,2023-12-04 03:27:08,4
27b3a406-5f1e-40c9-9390-cbf0ba7b6d13,70b1f60c-ec95-4cff-a8fb-a187817bf45e,519f7e20-093f-4cd3-8f7d-864650019f02,Ea ipsum officia dolores sapiente ea labore.,2023-06-19 19:57:59,1
2b5cc534-e267-4007-80c8-066285bc4a45,67954d43-6c96-4469-a4f0-9ddd0fd92908,519f7e20-093f-4cd3-8f7d-864650019f02,Repellat dicta unde quam assumenda consequuntur.,2024-12-23 14:04:59,2
72e8b7cb-683a-41a0-bd1e-b3cd4f4556d3,7923e09f-6165-4d47-826f-1a7daa4068f2,519f7e20-093f-4cd3-8f7d-864650019f02,Eligendi magnam suscipit.,2023-03-26 05:27:51,2
836eb85e-01c6-43d2-a7d7-111ea99b715a,e516677c-6936-4eb4-8279-396b97c2e796,519f7e20-093f-4cd3-8f7d-864650019f02,Totam quasi praesentium nulla rerum saepe.,2025-03-07 08:32:04,4
122af973-3eb7-4482-ab38-5160c38622fd,39b8fa46-7cb5-40b1-bc3b-84e65ce0bdd1,519f7e20-093f-4cd3-8f7d-864650019f02,Maiores ipsum commodi deserunt.,2021-02-25 09:23:06,4
a26b9273-671f-4d1b-be9b-c1545718a9cf,182d76f1-53ea-4d7e-877b-1925213a1f38,519f7e20-093f-4cd3-8f7d-864650019f02,Quis odio suscipit dolores.,2020-03-11 05:22:47,4
159f8bf3-d668-467f-903b-98e8f987db12,5da55f26-bba4-46c8-8309-9c57278c034d,519f7e20-093f-4cd3-8f7d-864650019f02,Vero atque laboriosam officia ullam libero.,2020-01-18 22:09:52,3
8eb6fc67-4d98-4e44-b932-db7d49e6baab,6070d09c-dda2-4de9-938b-977717d5cb96,519f7e20-093f-4cd3-8f7d-864650019f02,Beatae reiciendis iste repudiandae pariatur.,2024-03-16 13:32:24,2
365c4aa5-c9bf-485e-b685-08745206f131,1d1d2034-6e58-405d-ae64-1eef5bea3eb9,519f7e20-093f-4cd3-8f7d-864650019f02,Placeat nemo repellendus quae cumque repellat.,2023-07-28 07:45:17,5
9e6213ca-f42f-498d-a6d5-62300abc79bf,79de6326-5856-4cb0-bb74-1b7d146ceade,519f7e20-093f-4cd3-8f7d-864650019f02,Recusandae aliquam pariatur asperiores corrupti.,2020-08-22 00:48:22,3
25200393-6973-419c-8821-9f18b44e5e83,cdc9dd55-ff3e-41ee-bb0a-ea9d9bb4facc,519f7e20-093f-4cd3-8f7d-864650019f02,Blanditiis nihil vitae veritatis amet voluptates.,2021-10-17 10:07:57,2
a8a9cf58-763b-41d1-8f25-ab8cb3743510,187bb589-4d11-4626-989a-443471722d91,519f7e20-093f-4cd3-8f7d-864650019f02,Aspernatur non iste suscipit.,2022-01-25 06:03:54,3
ead7b61c-9b61-457a-bdb2-6fd7f76b086d,bc629b3c-25da-4da7-8c0e-65a8f0fb7268,519f7e20-093f-4cd3-8f7d-864650019f02,Voluptas neque debitis facere.,2021-10-18 10:08:48,1
11000d0e-dbcc-4665-9a64-7bff8b57432a,7a0c354d-4786-4bc9-914c-c0a7174e8d58,519f7e20-093f-4cd3-8f7d-864650019f02,Non quidem laboriosam labore.,2020-03-13 01:18:30,1
1393682a-8c1b-480b-8117-850718e58846,0043c798-fa05-4879-a34a-8be286cceb37,519f7e20-093f-4cd3-8f7d-864650019f02,Vero quis saepe aut et.,2024-09-27 13:31:48,3
604f2770-4f20-4865-8f8b-26b61cedca30,78b4fcc2-1382-405f-b150-4475837d36e1,519f7e20-093f-4cd3-8f7d-864650019f02,Quis alias id repellat molestiae dolore.,2020-07-12 02:31:24,1
bc99dab7-9c4b-48c3-b88e-d201fbc2d1c3,3836a467-d965-43c5-bdbf-5782f7b60e09,519f7e20-093f-4cd3-8f7d-864650019f02,Provident odio officia nobis natus debitis.,2022-06-21 19:42:52,5
6af003ec-8257-4615-acd2-bcdbc7dd62d2,c200531b-725c-4322-9daf-9ad442b7361c,519f7e20-093f-4cd3-8f7d-864650019f02,Facilis adipisci exercitationem optio.,2023-03-07 19:44:24,4
6fc058a8-4d8d-4d62-8f81-d06cfa6a6fc2,f78773aa-0293-4b63-bd68-35b0b23a9040,519f7e20-093f-4cd3-8f7d-864650019f02,Accusantium eius eius iure veniam voluptatum.,2023-09-10 23:37:02,4
20594ea2-a583-4c33-b5e6-c0f283698f5b,72448cc4-45d6-4cfe-a723-b9316d7193a9,519f7e20-093f-4cd3-8f7d-864650019f02,Repudiandae maiores nisi error a quod iure.,2022-07-15 12:19:21,3
046b8bd2-9cfd-49d7-998e-49685cccf36e,8ef14d86-f9dd-418a-af49-057a831b676b,519f7e20-093f-4cd3-8f7d-864650019f02,Dolorem repudiandae dignissimos sapiente aliquam.,2021-04-18 04:14:34,1
a12fadc7-d83c-4173-b1b5-6701faf4423e,1cfb442e-8456-4361-b5b1-07b226d4a549,519f7e20-093f-4cd3-8f7d-864650019f02,Architecto recusandae veritatis et cum numquam.,2022-11-15 20:33:03,4
81baa59c-f13e-4a4c-b91f-5bdbe24f6767,b4d11773-0ee5-43f9-9bfe-6309e8984d27,519f7e20-093f-4cd3-8f7d-864650019f02,Non ea tempore illo atque.,2023-06-30 08:28:52,1
48b71218-f38c-4b4a-b9a7-cc6a97ab9183,52a2c8af-e82a-4533-b6b0-6166619b5ba7,519f7e20-093f-4cd3-8f7d-864650019f02,Autem sit pariatur est optio.,2021-06-08 18:03:49,3
6e433f36-93b3-4aa9-bc2e-7152e873b012,ab21cd40-5a0e-4917-aca7-75d6bf4882e9,519f7e20-093f-4cd3-8f7d-864650019f02,Minus natus incidunt eaque beatae commodi.,2023-06-19 12:17:08,3
6c8cfb67-4c49-4d5c-afb4-cef1e97f9797,89bdd8cb-795d-4d95-bfcb-8f2de35e8887,519f7e20-093f-4cd3-8f7d-864650019f02,Laudantium est doloribus fugit reprehenderit.,2021-06-08 18:16:45,4
651d232c-1df5-4814-a1fa-71cd293fb214,6ca8597a-33c8-4fae-aae4-f4128963a226,519f7e20-093f-4cd3-8f7d-864650019f02,Nemo magni veniam aperiam.,2023-08-09 22:41:49,5
ebd6cd74-bbfa-490d-95a1-56df643933a6,41892246-f2b3-4e88-af4e-bd8c2159ed71,519f7e20-093f-4cd3-8f7d-864650019f02,Possimus quaerat nemo nemo.,2020-10-16 05:58:08,2
6d1078b7-f9a6-4d2f-b808-a6fdf0e63fd8,515714ee-140b-486e-bfd9-356ebc0267d5,519f7e20-093f-4cd3-8f7d-864650019f02,Magnam animi minus veniam.,2023-02-16 12:13:29,2
c4901c83-4e26-41f3-b270-271185612d24,0c2689b4-447f-4d61-974c-14200c007e4c,519f7e20-093f-4cd3-8f7d-864650019f02,Ab ipsa culpa laudantium recusandae.,2024-07-02 17:59:07,5
159cf1ed-3ff4-42ce-b275-990f8efde123,ec26c857-1b31-4b4e-bc59-deccfbe03d05,519f7e20-093f-4cd3-8f7d-864650019f02,Recusandae laboriosam voluptate ex.,2021-09-08 05:53:44,4
a3ccf1c4-b3bd-4905-86e6-13816a8d3771,25395bbd-0b64-450e-8796-8247d4854c1d,519f7e20-093f-4cd3-8f7d-864650019f02,Dolore a minima et eveniet quisquam veniam.,2021-07-18 00:11:28,2
3898c54a-5e03-4258-9b9f-9d2d6e179e9e,676a5a8d-ca1a-44f7-a211-baaeb05b03d0,519f7e20-093f-4cd3-8f7d-864650019f02,Quibusdam cumque perspiciatis ratione.,2021-07-13 07:41:24,3
9885bcd7-fd02-4c03-aaa3-df11ae78214f,10e01a16-64a5-4831-9c99-f1fbf1513caa,519f7e20-093f-4cd3-8f7d-864650019f02,Vel non aliquid delectus voluptate omnis.,2023-12-25 00:08:46,5
0b5b6fa0-5f9d-447d-b255-a621ed040feb,a8089f23-0c57-4293-9fbf-b03d1f0f419e,519f7e20-093f-4cd3-8f7d-864650019f02,Illum fugit impedit iste voluptas dignissimos.,2024-11-07 22:08:27,4
fecceee2-b40f-4aa0-a777-8f1c17356af4,70d6d3da-3587-4a7a-9872-bee445740bb8,519f7e20-093f-4cd3-8f7d-864650019f02,Culpa culpa ipsam vitae est aliquam rerum.,2020-09-27 15:26:28,1
3eb85737-1a3c-4446-9db4-4d302ae9e3c3,cfc5be5b-5e49-4d24-82fe-7bc27a34a246,519f7e20-093f-4cd3-8f7d-864650019f02,Expedita debitis amet quae et.,2023-04-25 15:25:03,4
9bfd5c46-68d5-4698-877f-d2e01fd4177b,1b5b7a15-9b1b-4f53-91a4-b24bcf552e12,519f7e20-093f-4cd3-8f7d-864650019f02,Animi assumenda quam.,2023-04-12 08:52:18,5
5c853c97-5d07-4664-bac6-b3b686e12d0f,86d4d2f9-6336-4d14-a584-4843c6676ba1,519f7e20-093f-4cd3-8f7d-864650019f02,Accusantium veritatis iure sapiente minus.,2023-06-13 10:44:58,2
38633cfa-33ba-454b-98da-8e51490d9bdb,6e8b70ee-0f6f-4efe-9c9e-7465e6d150a6,519f7e20-093f-4cd3-8f7d-864650019f02,Maiores harum doloribus ullam unde alias.,2022-01-04 01:12:33,1
9d2e8356-96ba-4e4a-8781-09fd7ebe20e1,ef5cc344-dfeb-4800-a3e0-5e3419c1b64d,519f7e20-093f-4cd3-8f7d-864650019f02,Cumque ullam et quibusdam quaerat vero adipisci.,2022-12-22 20:23:42,1
6465d0c5-8451-4ac5-aafe-123ec9943cf0,23e84801-ec1c-4d60-b5aa-f57d9444402a,519f7e20-093f-4cd3-8f7d-864650019f02,Nam deleniti cumque odio eum dignissimos.,2024-02-21 10:37:46,3
6a19bdad-0b73-46b2-832b-fe7a9a1c1c07,d8e3e883-891b-499d-88f5-c096ec4cd6a4,519f7e20-093f-4cd3-8f7d-864650019f02,Rem ad eligendi.,2023-05-13 19:47:39,4
de975826-d57b-4fd9-8339-cca9b2b7bf39,03e31e54-ce59-4ab9-8cfe-0163e7066263,519f7e20-093f-4cd3-8f7d-864650019f02,Dignissimos voluptate tenetur non occaecati quod.,2022-06-24 02:29:36,3
0b7ec44c-341b-4b80-b4e2-eae78ba8b96a,9bedc954-d20b-47d0-a197-dcd42f417d08,519f7e20-093f-4cd3-8f7d-864650019f02,Facilis corrupti id dolore minima aperiam vel.,2022-09-01 12:46:16,4
b56ec66c-8790-4097-9957-a07df00eb232,ebd1ef3a-f901-465e-807b-0db04ccf7422,519f7e20-093f-4cd3-8f7d-864650019f02,Numquam vero veniam debitis nesciunt sequi.,2023-06-26 22:02:49,5
60a7d61a-cedf-4dcb-b9df-d6a29b882072,8de12d3f-a1eb-43f2-84a2-ad1385aed819,519f7e20-093f-4cd3-8f7d-864650019f02,Tenetur voluptates cupiditate minima.,2025-03-22 13:29:30,5
317db349-466c-454d-9189-c8be6647bc0a,7bf0f21a-51aa-48a4-90d8-fa818bce8fc3,519f7e20-093f-4cd3-8f7d-864650019f02,Veritatis rerum officia.,2023-07-13 10:52:52,3
0daf88d2-6718-4fbc-839a-641753111e02,107cdc90-620a-4f99-a1b5-1d8e1514c9f3,519f7e20-093f-4cd3-8f7d-864650019f02,Earum enim sapiente.,2022-08-16 01:22:16,1
de48785a-3ff0-457c-9df6-1cfb4327180f,38e39908-5381-488d-99f5-c611463c40b2,519f7e20-093f-4cd3-8f7d-864650019f02,Recusandae eius repellat praesentium.,2025-01-20 00:48:13,4
b9a72798-9168-4392-a0f7-f658256e06a6,82e8d901-8fc8-4fc9-ab93-769a5e1b80b4,519f7e20-093f-4cd3-8f7d-864650019f02,Distinctio enim voluptates enim repellat odio.,2024-07-07 17:12:24,3
9450ada4-0a4a-4ef5-877e-07ec8bf4694d,94761892-a222-46ce-b827-637f886f5dfb,519f7e20-093f-4cd3-8f7d-864650019f02,Iste id itaque vitae reprehenderit soluta ipsum.,2025-04-06 05:25:45,3
89eb8cb2-7164-43b9-95de-7cf6488e4022,5b8073d2-03fd-4177-8064-e9f76c3bb096,519f7e20-093f-4cd3-8f7d-864650019f02,Iure veniam rerum ipsum fugit temporibus.,2024-06-16 11:20:47,1
58d65c4e-a4c8-4f73-a30a-6d770368a06a,731eec12-036b-41ea-af4a-813331ca89cd,519f7e20-093f-4cd3-8f7d-864650019f02,Quae iure nam.,2021-07-13 16:30:28,3
4a221128-1006-4a81-ac06-e6e9dbefa222,844b6f9d-0687-49f8-91b1-8ee1aa5a1946,519f7e20-093f-4cd3-8f7d-864650019f02,Doloribus natus dicta esse deleniti.,2020-11-30 17:20:48,3
d0e01d5b-8429-4b98-8277-8b6859db1f10,395652fe-fed8-4e45-b707-5944ad131129,519f7e20-093f-4cd3-8f7d-864650019f02,Illum quisquam consequatur.,2020-05-04 05:06:50,4
d71cb09a-f00d-4629-b806-1d5c16fe3c54,8074bf0e-14aa-4cf7-8cff-88039813cd34,519f7e20-093f-4cd3-8f7d-864650019f02,Dolore tenetur ab fuga corrupti soluta officia.,2023-01-25 14:22:52,4
d434e4d5-4923-4233-9ebe-893a7f8b58ea,ebcb5f21-ecdd-4908-bbf2-b4b34c660f70,519f7e20-093f-4cd3-8f7d-864650019f02,Aliquid quasi natus est nostrum corrupti.,2020-02-20 21:22:02,1
71e3a482-601d-4866-8185-500a727e8ff3,5ccc1271-f6fd-4709-ac81-e0862fa12b5d,519f7e20-093f-4cd3-8f7d-864650019f02,Ex aut quidem harum nihil.,2022-01-19 10:40:49,1
195009f1-4124-4898-99bc-2e9af0280973,292fbce5-415e-417c-883d-6a3af737f9cd,519f7e20-093f-4cd3-8f7d-864650019f02,At deserunt qui ab.,2020-07-06 11:59:12,2
1a4be534-9232-48fb-a588-c0f4e439c5ec,53407726-925d-4c44-abce-1e17580a2bb6,519f7e20-093f-4cd3-8f7d-864650019f02,Assumenda est adipisci dolorum nulla autem.,2023-11-13 05:04:20,1
43934e94-3ed3-4ea9-b1c0-bbda58b4169a,742653ff-10f7-46c4-8195-0c4317469363,519f7e20-093f-4cd3-8f7d-864650019f02,Molestiae cum accusantium fugit.,2021-12-21 07:28:26,2
a83db8c6-b30d-413e-b727-cb081e7a707b,f77e50a3-9397-4161-90da-63dbab3b60b1,519f7e20-093f-4cd3-8f7d-864650019f02,Inventore quod natus molestias.,2024-03-03 14:04:11,3
ae31f009-34f1-4da9-a585-a174279bb914,bcc48d53-4d29-4920-814b-8be347dd70e3,519f7e20-093f-4cd3-8f7d-864650019f02,Asperiores eligendi voluptatum iste quas dolorum.,2024-10-21 09:28:06,2
39973235-da4f-4481-80f1-9beab274fd73,5863b0bc-ff83-4cac-8ca5-2c5f6c87555a,519f7e20-093f-4cd3-8f7d-864650019f02,Earum saepe aspernatur ullam.,2023-08-21 16:31:04,3
12c654ec-d21f-490d-a73b-8dcdd5f1d01e,eae3e512-ec38-4212-8b17-39e29b99ce60,519f7e20-093f-4cd3-8f7d-864650019f02,Eligendi veritatis perspiciatis ut.,2023-07-12 07:10:16,1
20b2641a-8f7a-4c3a-924c-75e66325abd6,5d83154a-6fb9-49cd-bf65-97b60adf2276,519f7e20-093f-4cd3-8f7d-864650019f02,Deserunt dignissimos explicabo ratione.,2020-12-10 06:25:53,4
f6b17353-c10f-4ab7-bca4-af2ff1bd6e09,7ba5cc8e-df7e-4e08-bcda-9606c09bd8f5,519f7e20-093f-4cd3-8f7d-864650019f02,Deleniti voluptatibus sed blanditiis.,2020-02-23 09:11:06,2
6fcfa19a-dcd0-48bc-acff-2bf8390c192e,12dbfaac-b0c9-454b-97d9-58f9d1bd1dd7,519f7e20-093f-4cd3-8f7d-864650019f02,Rerum nesciunt at.,2022-07-30 16:57:07,3
f6a95895-911e-4c74-ab62-52d678c9e13d,ba3172b2-ab4e-497f-b633-67e300465f5d,519f7e20-093f-4cd3-8f7d-864650019f02,Eum at eos quaerat quo sequi.,2023-06-22 20:59:47,2
d64d1793-3184-47cd-bb5f-335c672b1cf0,40403382-1737-429f-b340-a16aace1ace6,519f7e20-093f-4cd3-8f7d-864650019f02,Tenetur id sequi minima vel quae deleniti.,2021-09-08 16:16:30,1
dc466ce5-4a44-4d01-bba3-7109e09bfb9c,0925acf0-d3cc-4bfb-ae92-23eca4dfb402,519f7e20-093f-4cd3-8f7d-864650019f02,In dignissimos soluta error optio.,2022-09-12 22:00:34,3
085b94d3-e5e4-4bd5-a248-e5150497b89d,e87d33c2-1520-47b3-9040-ccfaee4f9d25,519f7e20-093f-4cd3-8f7d-864650019f02,Animi quisquam expedita odio deleniti.,2021-05-13 10:40:27,3
17cc72ed-0c8a-4614-bded-340c94785609,3d46c3f6-1369-440b-99a3-af8448df69e2,519f7e20-093f-4cd3-8f7d-864650019f02,Autem beatae quas id.,2023-08-15 22:28:02,2
01161fb7-2179-4e21-9c69-3df16f3c1018,4cb01496-e07a-4934-a8b6-f3b49bb7f9c4,519f7e20-093f-4cd3-8f7d-864650019f02,Ex ipsum quisquam voluptatum.,2020-08-24 11:11:44,2
bf10d3d6-5d15-4e55-adea-9d3f45728035,615bbdc0-30ec-43a7-b444-c72e86af7f0d,519f7e20-093f-4cd3-8f7d-864650019f02,Ab aut unde ratione deserunt quae.,2021-05-31 13:55:27,5
55173fef-2d1a-4ce8-9e02-59cd9983faf0,9db99ade-fa93-4971-aa9b-a3b17e9833f5,519f7e20-093f-4cd3-8f7d-864650019f02,Officia cupiditate dolor doloremque sunt quasi.,2023-07-20 07:26:27,2
b04f4bf0-2537-4c7f-bd4e-83477b8e0337,9ffbf218-4469-4eb5-90c0-39213a440324,519f7e20-093f-4cd3-8f7d-864650019f02,Natus dicta qui velit.,2022-12-28 14:35:47,5
48f7c3e9-b44d-4f1b-8d9d-7c3cf2d22f9c,920058ce-b95d-42c1-bc91-08b5c4170dff,519f7e20-093f-4cd3-8f7d-864650019f02,Laudantium ducimus totam laudantium.,2020-01-04 00:56:33,4
b6aff69b-c188-4c8e-9527-9ac251be6c95,de2e3111-e61f-4f4c-842c-5f468a2599b4,519f7e20-093f-4cd3-8f7d-864650019f02,A repellendus quidem eaque dolores aliquid.,2021-09-14 03:21:50,3
912caf91-2e9a-4493-ae4c-b19bc0166f10,5845ae85-44a1-4267-89d1-9c0a1bafc6ac,519f7e20-093f-4cd3-8f7d-864650019f02,Iste nemo fugit.,2024-12-20 22:09:41,4
97e81e37-dccb-488d-8ac4-670c42e0c77c,cca7a3e2-eaca-43af-8fa8-53fd47ecdf86,519f7e20-093f-4cd3-8f7d-864650019f02,Facilis molestias qui cumque fugit vitae.,2024-04-14 05:00:00,1
24391417-f0cc-4929-a91c-d77e7c9997b6,046bd81b-3355-4c1f-a2fe-258d47598ce5,519f7e20-093f-4cd3-8f7d-864650019f02,Sint enim quos debitis sint.,2023-11-17 01:16:02,3
79733c42-e664-4032-b9b6-e3278523697c,6c930de2-376a-47df-983c-9b58718d939c,519f7e20-093f-4cd3-8f7d-864650019f02,Error perspiciatis odio amet.,2023-05-29 02:11:26,4
0739a3c8-6cbd-4252-a20f-c2ec84359ec2,c97aec8b-f687-41ac-a662-9002a36ef715,519f7e20-093f-4cd3-8f7d-864650019f02,Reprehenderit culpa qui asperiores ex unde ea.,2023-01-20 19:18:20,2
ff1dbe09-e3b9-41ab-a24f-ec05639a211a,135ddf82-f5b5-4455-b5eb-6fcb2ba1b61a,519f7e20-093f-4cd3-8f7d-864650019f02,Consequuntur est consequatur id natus.,2023-03-06 06:48:10,3
1371f32a-f5c2-4fe0-bd6b-3e47a21e02dc,4a4ac151-0f79-40b2-a9e3-03d81ddf348f,519f7e20-093f-4cd3-8f7d-864650019f02,Ea repellendus tempore minima.,2023-03-28 15:33:12,1
273a7208-ed75-4d7c-aa83-704c5edb9f41,4eecdf3e-c2d1-4b83-b1b3-959e84860f55,519f7e20-093f-4cd3-8f7d-864650019f02,Quasi eligendi omnis velit eum aspernatur.,2023-07-21 09:57:44,2
0492589e-0f34-44e3-948b-7a08cd4e1f25,15eb221f-f39b-4172-861d-814287e5e554,519f7e20-093f-4cd3-8f7d-864650019f02,Ipsum harum officiis reiciendis.,2022-05-04 19:32:54,2
86d10d4d-c706-4619-a532-85396487f1f5,e3efef98-6d75-41a1-ba88-d86fa57574b6,519f7e20-093f-4cd3-8f7d-864650019f02,Laborum rerum rem explicabo officiis.,2024-05-17 01:48:33,4
e8f18842-7a68-43cd-b971-337af6759c39,4858203c-5ce3-4dbe-999c-29961be43861,519f7e20-093f-4cd3-8f7d-864650019f02,Fugit et repellendus officiis iure.,2020-03-01 03:19:55,1
ab1c4842-1f8f-49b1-a777-8edcc127f372,dd9c484a-1b5d-44be-9c6e-74cc78b764aa,519f7e20-093f-4cd3-8f7d-864650019f02,Cupiditate eum ratione rerum nulla voluptas.,2020-02-08 15:59:53,3
b6e00b5e-c77e-46b7-af32-24b7c6874502,f62c75e8-b263-49cb-8a09-f264b8e24e5b,519f7e20-093f-4cd3-8f7d-864650019f02,Architecto est architecto dicta.,2023-08-20 14:23:26,1
fb8fca49-49b8-46e1-993d-4fdfd33f0b85,cb72e16d-3791-4017-b2a4-5309a7b7922d,519f7e20-093f-4cd3-8f7d-864650019f02,Assumenda tempora sequi dolorum unde.,2021-03-10 16:24:09,3
9e835d0a-a709-4b9f-ac86-f06367dc2c91,eac5bbf8-2879-486c-9a0c-083492e3ec55,519f7e20-093f-4cd3-8f7d-864650019f02,Molestiae quae atque culpa fuga.,2023-09-16 14:53:07,3
60e162f1-a463-4cc7-a7ec-c4ca01f80fbb,1dde21dd-b05d-4ece-be44-90f3b2767e7a,519f7e20-093f-4cd3-8f7d-864650019f02,Nulla aliquam laborum natus ex cupiditate.,2023-04-09 07:35:35,5
2564a765-f009-45cb-8d54-e5304388b59e,f252ec1c-bf02-4e79-9a9d-89f6bbd6d916,519f7e20-093f-4cd3-8f7d-864650019f02,Nostrum maxime odio fuga.,2022-11-19 16:34:53,1
37777ea4-db9e-407c-a0a2-1e74eeda8df7,53689f86-b647-44fa-8632-80d8f758f85a,519f7e20-093f-4cd3-8f7d-864650019f02,Saepe aspernatur totam laudantium nobis.,2021-03-24 14:19:30,1
09033347-da4e-425d-ac72-7d1c28bef44d,441cd319-fd01-41c8-a16e-b78af3bc8716,519f7e20-093f-4cd3-8f7d-864650019f02,Consectetur voluptas laboriosam asperiores.,2021-10-01 06:22:31,5
993b4eba-b2b6-4e88-b466-1103b7463c3e,6e3ca119-5143-48f5-afa8-b1e308ce9467,519f7e20-093f-4cd3-8f7d-864650019f02,Repellat assumenda debitis placeat.,2021-04-29 21:43:06,2
b23e9122-25c6-4cc7-83ba-2a49bdb3afa5,99258635-dc34-4b73-ace9-74850df4a934,519f7e20-093f-4cd3-8f7d-864650019f02,Est quam atque voluptatem omnis veniam.,2021-04-14 13:29:22,1
41fa6c8c-eb73-4850-9a02-d75fa407971f,194f0c19-5e6d-4824-8b05-99387d5f6ffb,519f7e20-093f-4cd3-8f7d-864650019f02,Minus sint dolores dolor.,2020-10-11 13:38:14,2
5920c996-f49c-4074-a883-fbd19883a6ea,55a75d4b-d4e1-490b-a345-1b95807e84ec,519f7e20-093f-4cd3-8f7d-864650019f02,Delectus recusandae quas commodi quidem hic.,2021-04-17 10:22:55,3
d273cd77-ec44-495f-9a1f-0d9f5196edfd,a551fe12-8894-4985-b692-f57a6a7cb9a4,519f7e20-093f-4cd3-8f7d-864650019f02,A sint neque modi alias.,2022-01-17 19:28:53,5
f5ee0402-e77d-44a6-9252-c1a1509e1cce,633c0fa6-acad-49bd-aca6-330677613b83,519f7e20-093f-4cd3-8f7d-864650019f02,Sunt suscipit quibusdam.,2024-07-15 21:13:36,2
574cd63b-cbe6-4396-9ec2-499aef75c939,256f5ac8-7663-408d-8891-70d1fb754e5d,519f7e20-093f-4cd3-8f7d-864650019f02,Facilis odio itaque porro suscipit sed ducimus.,2021-12-17 01:56:42,4
93a2ece5-8414-4c71-b81a-b8b759be1e50,3f00c42a-25ab-4152-a946-21922d414dd8,519f7e20-093f-4cd3-8f7d-864650019f02,Atque molestiae labore tempora.,2022-05-30 00:46:10,4
541d7908-2dd5-4f7f-bd58-176b6dc69bd7,9ad3b20d-4580-4d57-993e-9ab8e5b2f4be,519f7e20-093f-4cd3-8f7d-864650019f02,Officiis ullam dolores maxime repellendus.,2022-12-10 17:50:26,1
eee063d7-9e12-4f0c-9dd5-f39ad27a8200,c3571a86-07a9-4beb-9176-92601334ad09,519f7e20-093f-4cd3-8f7d-864650019f02,Quam recusandae at deserunt earum.,2024-12-21 03:16:29,2
7bad9af4-8fac-4c6f-95dc-3a8913551d73,0e1704ed-e179-4acd-aad7-85606ebada4d,519f7e20-093f-4cd3-8f7d-864650019f02,Laudantium recusandae quis.,2024-08-27 12:18:56,1
121fd7c7-7604-4a2e-a2ce-e329b6a162eb,22f8e651-6f08-4189-a7cb-bbe37f76b173,519f7e20-093f-4cd3-8f7d-864650019f02,Nihil dolore minima recusandae quod.,2022-11-04 18:12:31,3
53920367-0481-4612-99d4-81a477d222d4,a38a3cbf-569b-444f-9878-7283e3696999,519f7e20-093f-4cd3-8f7d-864650019f02,Minus eos qui quam dolor fugit.,2021-11-21 01:10:44,1
8c7fb2e2-0bb8-4bea-a006-7d8f7f8a1b0c,8f36f550-a4dd-448d-ad9c-282a8ea8e094,519f7e20-093f-4cd3-8f7d-864650019f02,Quae nemo ab.,2024-10-13 07:06:26,4
e50bd44d-899b-4973-a69f-b41a048ad824,4a3f6ca2-f1a8-4f97-a64a-d16cb59601fb,519f7e20-093f-4cd3-8f7d-864650019f02,Possimus commodi magni in facere at.,2024-03-07 10:02:38,3
7341cc05-93c8-4810-9e19-94bcc4716e9b,4627182e-5934-4bdf-9b2a-69fef02db9eb,519f7e20-093f-4cd3-8f7d-864650019f02,Unde fugiat suscipit eos rem assumenda eos.,2023-12-24 15:49:37,1
78d318ba-bd4c-44b3-a6a5-42d706886dbe,5714be33-f33c-479c-a99a-cce008593046,519f7e20-093f-4cd3-8f7d-864650019f02,Assumenda quia debitis.,2023-06-08 02:06:41,1
ac380dac-841f-48e2-99d2-d8bce3fe9c25,3bb7e81e-ece7-4a24-a1f3-916ae97af965,519f7e20-093f-4cd3-8f7d-864650019f02,Assumenda illo et voluptates unde.,2020-01-23 04:51:24,3
dfa7c7d7-02ab-4e12-b0cf-8eb126bc52ef,803e8a7c-0517-42d5-ab28-568845f8f908,519f7e20-093f-4cd3-8f7d-864650019f02,Iusto corrupti reprehenderit.,2020-04-10 13:33:45,3
1b4ebecc-2ebb-43ef-991a-a832c71db435,4381457e-8250-4451-9894-13ffbcb302a3,519f7e20-093f-4cd3-8f7d-864650019f02,Est provident tempore odio distinctio vitae.,2022-08-22 18:50:07,3
f5ebc7fa-db2a-4ebf-a6c3-5eb8fd0bea00,5bfac135-b953-4c5d-b515-44d27938745c,519f7e20-093f-4cd3-8f7d-864650019f02,Ratione nostrum aperiam fuga.,2022-12-02 10:09:00,4
81ef92c5-61c0-43d5-b9bf-b17871918fbc,c7d856df-bc35-4f0a-b417-ed17f45e5cd6,519f7e20-093f-4cd3-8f7d-864650019f02,Vel asperiores aliquam suscipit eaque.,2022-03-04 03:52:57,1
654eaf3c-970d-4ffa-bad8-35ec08cf1d34,9376d2ae-8b9b-43d1-abee-1909e3044ceb,519f7e20-093f-4cd3-8f7d-864650019f02,Vitae quas ea. A assumenda ullam ea.,2025-03-27 16:20:06,4
519aa4c9-7b29-4168-82f3-48ef79c22f89,11a94605-d546-4925-851d-f038ed4a9556,519f7e20-093f-4cd3-8f7d-864650019f02,Molestias delectus corrupti quae eos.,2024-02-19 01:00:55,1
b030c3d9-7c38-40bd-b1bd-f90ea3b30fc6,b69bdd90-92e2-4d4a-9e6d-aeaaeaf85920,519f7e20-093f-4cd3-8f7d-864650019f02,Ex dolores soluta cum.,2024-10-29 09:02:07,4
3d252f74-61db-418e-bab0-4ae408d37ddc,fc7d24f0-fbb5-4cde-a051-5fa41ee3d5fb,519f7e20-093f-4cd3-8f7d-864650019f02,Incidunt esse incidunt reprehenderit id nesciunt.,2020-09-15 05:13:38,2
490c3169-6533-472e-bbc6-264792633d21,50459f80-6dc5-4370-9951-74c00f0ef194,519f7e20-093f-4cd3-8f7d-864650019f02,Distinctio optio ipsam. Incidunt molestias saepe.,2023-11-17 02:38:45,5
77aeaba4-9350-453d-a6e9-199e92e8a97c,79b4980e-85d7-4846-a5f3-2e51036f4fc4,519f7e20-093f-4cd3-8f7d-864650019f02,Nulla perspiciatis ex.,2020-01-12 13:36:15,1
1cca0be5-8e1f-4213-9374-13eb07b10776,c0fea047-25d5-43dd-b6ad-5ef3de6e79b3,519f7e20-093f-4cd3-8f7d-864650019f02,Dignissimos officia odit asperiores.,2023-05-18 17:29:26,5
10c2c396-91cd-4014-ae3a-72151b917ae7,286508ed-51ce-44c7-9df1-3db5e67d5d94,519f7e20-093f-4cd3-8f7d-864650019f02,At esse similique accusantium vitae.,2021-10-20 04:40:24,1
bb2d9959-be51-47c0-80a9-94ff851f9116,f6fab417-e0bb-4205-bab3-5b6b93563fb0,519f7e20-093f-4cd3-8f7d-864650019f02,Exercitationem velit dolorem.,2024-07-30 01:27:39,2
9df0c373-4d7d-4899-bfd7-c391352c4220,4b3f2149-1a93-4c48-82ba-26e347203566,519f7e20-093f-4cd3-8f7d-864650019f02,Numquam voluptates quae veritatis rem.,2025-03-03 23:21:05,5
c20803cc-e3ac-457c-a8a3-ee709de4575c,f744c3e4-948d-4baf-b29c-74eff2f6a5bc,519f7e20-093f-4cd3-8f7d-864650019f02,At dolore quam voluptatum.,2024-11-11 13:23:03,3
2e8bc44d-cc79-4c86-a6aa-646f90a3d2ec,0119b97c-cd0e-4229-9c05-22a5d8e6bb29,519f7e20-093f-4cd3-8f7d-864650019f02,Doloremque aliquam aspernatur sequi.,2021-08-29 01:04:30,3
ed2c37d3-6e42-4baf-81fb-9d7c65c8d211,a36fdd49-b1f5-4ab1-ad99-5a203a9b23fd,519f7e20-093f-4cd3-8f7d-864650019f02,Nam hic provident quo nesciunt.,2024-02-21 06:09:04,4
2123ba69-63ed-4c0f-8fca-20a31e8aa314,b8385b4d-29ff-404a-b690-dece5996dff3,519f7e20-093f-4cd3-8f7d-864650019f02,Aspernatur quis deserunt illum.,2022-01-10 18:06:32,2
933e8cce-63bf-4abe-901f-455cd8aa9a5f,b2145a66-ab9a-4d0e-bf2d-a44c6fab1597,519f7e20-093f-4cd3-8f7d-864650019f02,Rerum alias sint vitae at blanditiis.,2025-04-10 04:33:56,1
d10ac1c4-caf5-40b2-857e-7ba573bba214,afff2bc5-ee71-4ac8-9e1b-a3fb1cee72a4,519f7e20-093f-4cd3-8f7d-864650019f02,Laboriosam saepe quas qui fugiat unde.,2020-12-06 05:17:49,1
25be70d1-842c-4cc1-9ee1-3fabc3f8789d,46786c61-69d1-4d97-8a11-261c8b818cf2,519f7e20-093f-4cd3-8f7d-864650019f02,Quia veniam quo iusto deleniti in.,2021-07-09 02:46:32,5
dbc4afeb-245a-4286-8396-85a1c81df6ee,2233f6a8-ed15-4505-9d6c-13988f7b66b9,519f7e20-093f-4cd3-8f7d-864650019f02,Error deserunt totam similique magni nam ipsam.,2023-06-13 21:38:12,2
2acade61-706b-4819-a7d4-70dcea8e3b9c,13636b8c-8d03-48b5-a236-b5d150698182,519f7e20-093f-4cd3-8f7d-864650019f02,Nam nisi enim magnam ullam.,2020-10-15 20:46:26,3
0e342072-ccd4-4312-a167-8e4da4779ea8,7c421e77-7a07-486a-8ce7-664d44767943,519f7e20-093f-4cd3-8f7d-864650019f02,Ipsam ducimus quia consectetur minus iure ipsa a.,2023-11-06 20:35:44,2
96410088-d229-44f6-a593-2a6a4cda7658,5261a674-c567-4cd1-a80f-5f0782518507,519f7e20-093f-4cd3-8f7d-864650019f02,Suscipit voluptate quam porro et.,2023-02-21 03:03:15,3
38c999fa-f6c4-4104-b7bd-eed771a5aed1,f41c07b2-66a1-416b-b008-f4c519d3df30,519f7e20-093f-4cd3-8f7d-864650019f02,Atque sit impedit sequi illo earum.,2024-07-25 06:33:05,4
a9f390e2-192a-4d3f-b8fd-25d7b1c68895,59dd4e29-8902-4c00-b1c9-e56c17108b63,519f7e20-093f-4cd3-8f7d-864650019f02,Possimus illo veniam.,2024-08-29 09:30:19,2
237f483b-58ec-4eb0-8baf-80f6e7213c9c,6bec6be4-d7dc-4bc4-aa59-bc80c792b5a6,519f7e20-093f-4cd3-8f7d-864650019f02,Voluptatibus pariatur eius vitae aperiam.,2023-05-29 01:20:48,1
562ca8a0-41cb-4035-9700-11d7162e0ff4,987f2b25-1f07-41b4-8fc5-148f6f662f60,519f7e20-093f-4cd3-8f7d-864650019f02,Repellat possimus minima ex facilis commodi.,2020-04-18 10:40:02,4
929af64a-1c7b-4684-afea-c18e00fd5a92,cd095e15-870f-4ef0-bd05-90033b15d601,519f7e20-093f-4cd3-8f7d-864650019f02,Dolor beatae fugiat aspernatur.,2025-02-19 04:27:20,4
ea71672a-9001-4acf-8257-32c6d7ea5a22,90f8817c-3911-4ab1-8701-004b68670bb1,519f7e20-093f-4cd3-8f7d-864650019f02,Accusamus impedit laboriosam quae.,2024-11-18 17:59:20,3
e3e87c5b-6902-4fa0-85c8-1de894a0df23,cacdbb24-7f4b-4664-9ecd-6b18b8dc140a,519f7e20-093f-4cd3-8f7d-864650019f02,Laudantium nisi consequatur optio.,2023-01-21 13:06:49,1